-- phpMyAdmin SQL Dump
-- version 5.2.2
-- https://www.phpmyadmin.net/
--
-- Host: 127.0.0.1:3306
-- Generation Time: Nov 06, 2025 at 05:51 PM
-- Server version: 11.8.3-MariaDB-log
-- PHP Version: 7.2.34

SET SQL_MODE = "NO_AUTO_VALUE_ON_ZERO";
START TRANSACTION;
SET time_zone = "+00:00";


/*!40101 SET @OLD_CHARACTER_SET_CLIENT=@@CHARACTER_SET_CLIENT */;
/*!40101 SET @OLD_CHARACTER_SET_RESULTS=@@CHARACTER_SET_RESULTS */;
/*!40101 SET @OLD_COLLATION_CONNECTION=@@COLLATION_CONNECTION */;
/*!40101 SET NAMES utf8mb4 */;

--
-- Database: `u578436281_leaderboard`
--

-- --------------------------------------------------------

--
-- Table structure for table `leaderboard`
--

CREATE TABLE `leaderboard` (
  `guid` int(10) UNSIGNED NOT NULL,
  `name` varchar(255) NOT NULL,
  `total_kills` int(10) UNSIGNED NOT NULL DEFAULT 0,
  `total_deaths` int(10) UNSIGNED NOT NULL DEFAULT 0,
  `total_teamkills` int(10) UNSIGNED NOT NULL DEFAULT 0,
  `total_teamdeaths` int(10) UNSIGNED NOT NULL DEFAULT 0,
  `total_assists` int(10) UNSIGNED NOT NULL DEFAULT 0,
  `total_damage_dealt` int(10) UNSIGNED NOT NULL DEFAULT 0,
  `total_damage_taken` int(10) UNSIGNED NOT NULL DEFAULT 0,
  `total_friendly_damage_dealt` int(10) UNSIGNED NOT NULL DEFAULT 0,
  `total_friendly_damage_taken` int(10) UNSIGNED NOT NULL DEFAULT 0,
  `total_rounds_played` int(10) UNSIGNED NOT NULL DEFAULT 0,
  `last_active` timestamp NOT NULL DEFAULT current_timestamp() ON UPDATE current_timestamp(),
  `last_login` timestamp NULL DEFAULT NULL,
  `nationality` varchar(2) DEFAULT NULL,
  `last_round_update` timestamp NULL DEFAULT current_timestamp() ON UPDATE current_timestamp(),
  `first_picks` int(10) UNSIGNED NOT NULL DEFAULT 0,
  `first_deaths` int(10) UNSIGNED NOT NULL DEFAULT 0
) ENGINE=InnoDB DEFAULT CHARSET=latin1 COLLATE=latin1_swedish_ci;

--
-- Dumping data for table `leaderboard`
--

INSERT INTO `leaderboard` (`guid`, `name`, `total_kills`, `total_deaths`, `total_teamkills`, `total_teamdeaths`, `total_assists`, `total_damage_dealt`, `total_damage_taken`, `total_friendly_damage_dealt`, `total_friendly_damage_taken`, `total_rounds_played`, `last_active`, `last_login`, `nationality`, `last_round_update`, `first_picks`, `first_deaths`) VALUES
(2232, 'SubV_Umbra', 0, 0, 0, 0, 0, 0, 0, 0, 0, 0, '2025-10-13 11:41:34', '2025-10-12 19:01:20', 'NL', '2025-10-13 11:41:34', 0, 0),
(9531, 'KV_Wolpi', 0, 0, 0, 0, 0, 0, 0, 0, 0, 0, '2025-10-13 11:41:34', '2025-10-05 19:31:36', 'DE', '2025-10-13 11:41:34', 0, 0),
(9886, 'DAB_Vixtro', 0, 0, 0, 0, 0, 0, 0, 0, 0, 0, '2025-09-14 11:03:13', NULL, 'BE', '2025-09-14 11:03:13', 0, 0),
(10681, 'KV_Phatman1Ted', 0, 0, 0, 0, 0, 0, 0, 0, 0, 0, '2025-09-28 19:46:55', '2025-09-28 19:46:55', 'EN', '2025-09-28 19:46:55', 0, 0),
(10943, 'BMS_Flo', 0, 0, 0, 0, 0, 0, 0, 0, 0, 0, '2025-10-01 19:26:23', '2025-10-01 19:26:23', NULL, '2025-10-01 19:26:23', 0, 0),
(62821, 'IRAN_LeBrave', 0, 0, 0, 0, 0, 0, 0, 0, 0, 0, '2025-10-02 09:31:28', '2025-09-28 20:19:30', 'FR', '2025-10-02 09:31:28', 0, 0),
(134625, 'Assassins_Nutella', 0, 0, 0, 0, 0, 0, 0, 0, 0, 0, '2025-09-08 12:15:59', NULL, 'FI', '2025-09-08 12:15:59', 0, 0),
(278973, 'G13_Gibby', 0, 0, 0, 0, 0, 0, 0, 0, 0, 0, '2025-10-13 11:41:34', '2025-10-08 19:02:29', 'EN', '2025-10-13 11:41:34', 0, 0),
(290348, 'KV_wursti', 0, 0, 0, 0, 0, 0, 0, 0, 0, 0, '2025-10-13 11:41:34', '2025-10-12 18:54:59', 'DE', '2025-10-13 11:41:34', 0, 0),
(292756, 'SubV_Šupak', 0, 0, 0, 0, 0, 0, 0, 0, 0, 0, '2025-09-30 08:48:47', NULL, 'HR', '2025-09-30 08:48:47', 0, 0),
(301721, 'GVT_Mike', 0, 0, 0, 0, 0, 0, 0, 0, 0, 0, '2025-10-13 11:41:34', '2025-10-08 19:16:08', 'SC', '2025-10-13 11:41:34', 0, 0),
(335479, 'PE_Drake', 0, 0, 0, 0, 0, 0, 0, 0, 0, 0, '2025-10-13 11:41:34', '2025-10-05 19:33:32', 'FR', '2025-10-13 11:41:34', 0, 0),
(349853, 'PE_TheDeaD', 0, 0, 0, 0, 0, 0, 0, 0, 0, 0, '2025-10-02 09:31:28', '2025-09-28 19:06:02', 'FR', '2025-10-02 09:31:28', 0, 0),
(351969, 'DAB_Narrow', 0, 0, 0, 0, 0, 0, 0, 0, 0, 0, '2025-10-13 11:41:34', '2025-10-08 19:06:27', 'FR', '2025-10-13 11:41:34', 0, 0),
(372274, 'G13_Giorno', 0, 0, 0, 0, 0, 0, 0, 0, 0, 0, '2025-10-13 11:41:34', '2025-10-08 19:00:40', 'IE', '2025-10-13 11:41:34', 0, 0),
(375537, 'NCT_Kore', 0, 0, 0, 0, 0, 0, 0, 0, 0, 0, '2025-09-16 22:30:37', '2025-09-16 19:02:18', 'CZ', '2025-09-16 22:30:37', 0, 0),
(395813, 'BMS_Troister', 0, 0, 0, 0, 0, 0, 0, 0, 0, 0, '2025-10-05 19:48:32', '2025-10-05 19:48:32', 'FR', '2025-10-05 19:48:32', 0, 0),
(415702, 'SS_Godfreid', 0, 0, 0, 0, 0, 0, 0, 0, 0, 0, '2025-10-02 09:31:28', '2025-09-20 18:55:51', 'CA', '2025-10-02 09:31:28', 0, 0),
(434315, 'SubV_Wolfie', 0, 0, 0, 0, 0, 0, 0, 0, 0, 0, '2025-09-09 08:58:46', NULL, 'EN', '2025-09-09 08:58:46', 0, 0),
(436448, 'V1bers_Monmon', 0, 0, 0, 0, 0, 0, 0, 0, 0, 0, '2025-10-13 11:41:34', '2025-10-12 19:24:36', 'DE', '2025-10-13 11:41:34', 0, 0),
(449912, 'BMS_Red', 0, 0, 0, 0, 0, 0, 0, 0, 0, 0, '2025-10-13 11:41:34', '2025-10-05 19:30:40', 'FR', '2025-10-13 11:41:34', 0, 0),
(452214, 'ESX_Kamieltoe', 0, 0, 0, 0, 0, 0, 0, 0, 0, 0, '2025-10-13 11:41:34', '2025-10-11 19:08:44', 'BE', '2025-10-13 11:41:34', 0, 0),
(461759, 'SS_Shinto', 0, 0, 0, 0, 0, 0, 0, 0, 0, 0, '2025-10-13 11:41:34', '2025-10-11 19:07:11', 'US', '2025-10-13 11:41:34', 0, 0),
(488794, 'DAB_Janne', 0, 0, 0, 0, 0, 0, 0, 0, 0, 0, '2025-10-13 11:41:34', '2025-10-08 19:26:23', 'FI', '2025-10-13 11:41:34', 0, 0),
(498093, 'GVT_Caskie', 0, 0, 0, 0, 0, 0, 0, 0, 0, 0, '2025-09-16 19:49:58', '2025-09-16 19:49:58', 'SC', '2025-09-16 19:49:58', 0, 0),
(499882, 'FruitNinjas_KOBZIK', 0, 0, 0, 0, 0, 0, 0, 0, 0, 0, '2025-10-13 11:41:34', '2025-10-08 19:15:39', 'UA', '2025-10-13 11:41:34', 0, 0),
(500306, 'SS_Stryker', 0, 0, 0, 0, 0, 0, 0, 0, 0, 0, '2025-10-13 11:41:34', '2025-10-11 19:06:49', 'US', '2025-10-13 11:41:34', 0, 0),
(503145, 'G13_Golden', 0, 0, 0, 0, 0, 0, 0, 0, 0, 0, '2025-09-08 15:06:58', NULL, 'IE', '2025-09-08 15:06:58', 0, 0),
(503765, 'SubV_Deadwulf', 0, 0, 0, 0, 0, 0, 0, 0, 0, 0, '2025-10-13 11:41:34', '2025-10-12 19:01:40', 'BE', '2025-10-13 11:41:34', 0, 0),
(526649, 'SubV_BonoKiller', 0, 0, 0, 0, 0, 0, 0, 0, 0, 0, '2025-10-13 11:41:34', '2025-10-12 19:04:22', 'NL', '2025-10-13 11:41:34', 0, 0),
(636812, 'GP_Lvov', 0, 0, 0, 0, 0, 0, 0, 0, 0, 0, '2025-09-16 22:30:37', '2025-09-15 19:00:50', 'RU', '2025-09-16 22:30:37', 0, 0),
(637283, 'Abe', 0, 0, 0, 0, 0, 0, 0, 0, 0, 0, '2025-10-08 19:06:23', '2025-10-08 19:06:23', NULL, '2025-10-08 19:06:23', 0, 0),
(651079, 'KV_Mr_T', 0, 0, 0, 0, 0, 0, 0, 0, 0, 0, '2025-10-13 11:41:34', '2025-10-05 19:31:04', 'ES', '2025-10-13 11:41:34', 0, 0),
(663095, 'V1bers_Krembit', 0, 0, 0, 0, 0, 0, 0, 0, 0, 0, '2025-10-13 11:41:34', '2025-10-05 19:07:46', 'SC', '2025-10-13 11:41:34', 0, 0),
(671857, 'KV_bunter_igel', 0, 0, 0, 0, 0, 0, 0, 0, 0, 0, '2025-10-13 11:41:34', '2025-10-05 19:30:20', 'DE', '2025-10-13 11:41:34', 0, 0),
(678193, 'SS_Theodin', 0, 0, 0, 0, 0, 0, 0, 0, 0, 0, '2025-10-13 11:41:34', '2025-10-11 19:07:05', 'CA', '2025-10-13 11:41:34', 0, 0),
(774878, 'SubV_Rhino', 0, 0, 0, 0, 0, 0, 0, 0, 0, 0, '2025-10-02 09:31:28', '2025-09-26 18:59:08', 'EN', '2025-10-02 09:31:28', 0, 0),
(780242, 'SubV_WRX3', 0, 0, 0, 0, 0, 0, 0, 0, 0, 0, '2025-10-02 09:31:28', '2025-09-26 18:59:38', 'NL', '2025-10-02 09:31:28', 0, 0),
(788804, 'GVT_~Ruler~', 0, 0, 0, 0, 0, 0, 0, 0, 0, 0, '2025-10-13 11:41:34', '2025-10-08 19:16:27', 'FR', '2025-10-13 11:41:34', 0, 0),
(792123, 'KV_DarkTemplar', 0, 0, 0, 0, 0, 0, 0, 0, 0, 0, '2025-09-16 22:30:37', '2025-09-14 19:38:09', 'AT', '2025-09-16 22:30:37', 0, 0),
(793812, 'SS_Glenn', 0, 0, 0, 0, 0, 0, 0, 0, 0, 0, '2025-10-13 11:41:34', '2025-10-11 19:07:18', 'US', '2025-10-13 11:41:34', 0, 0),
(838879, 'FruitNinjas_Yoda', 0, 0, 0, 0, 0, 0, 0, 0, 0, 0, '2025-10-13 11:41:34', '2025-10-08 19:15:58', 'UA', '2025-10-13 11:41:34', 0, 0),
(840822, 'KV_Desant', 0, 0, 0, 0, 0, 0, 0, 0, 0, 0, '2025-10-08 19:16:43', '2025-10-08 19:16:43', 'UA', '2025-10-08 19:16:43', 0, 0),
(863865, 'DAB_Mech', 0, 0, 0, 0, 0, 0, 0, 0, 0, 0, '2025-10-08 19:44:45', '2025-10-08 19:44:45', 'EN', '2025-10-08 19:44:45', 0, 0),
(892796, 'V1bers_Melsyo', 0, 0, 0, 0, 0, 0, 0, 0, 0, 0, '2025-10-13 11:41:34', '2025-10-05 19:10:58', 'NL', '2025-10-13 11:41:34', 0, 0),
(902557, 'SS_Wolfe', 0, 0, 0, 0, 0, 0, 0, 0, 0, 0, '2025-10-13 11:41:34', '2025-10-11 19:15:58', 'US', '2025-10-13 11:41:34', 0, 0),
(927368, 'DAB_Python', 0, 0, 0, 0, 0, 0, 0, 0, 0, 0, '2025-10-13 11:41:34', '2025-10-08 19:02:22', 'EN', '2025-10-13 11:41:34', 0, 0),
(937791, '1stKB_Pokemoron6799', 0, 0, 0, 0, 0, 0, 0, 0, 0, 0, '2025-09-08 11:45:46', NULL, 'DE', '2025-09-08 11:45:46', 0, 0),
(943123, 'V1bers_Bubble', 0, 0, 0, 0, 0, 0, 0, 0, 0, 0, '2025-10-02 09:31:28', '2025-09-28 19:33:23', 'EN', '2025-10-02 09:31:28', 0, 0),
(951862, 'Assassins_Wulfstan', 0, 0, 0, 0, 0, 0, 0, 0, 0, 0, '2025-10-13 11:41:34', '2025-10-11 19:22:32', 'UA', '2025-10-13 11:41:34', 0, 0),
(952369, 'Inter_Irigo', 0, 0, 0, 0, 0, 0, 0, 0, 0, 0, '2025-10-13 11:41:34', '2025-10-11 19:10:51', 'UA', '2025-10-13 11:41:34', 0, 0),
(956996, 'NCT_Shneider', 0, 0, 0, 0, 0, 0, 0, 0, 0, 0, '2025-10-02 09:31:28', '2025-09-23 19:15:51', 'FR', '2025-10-02 09:31:28', 0, 0),
(992114, 'Assassins_Orelav', 0, 0, 0, 0, 0, 0, 0, 0, 0, 0, '2025-09-08 12:15:59', NULL, 'RU', '2025-09-08 12:15:59', 0, 0),
(994995, 'NCT_Niki', 0, 0, 0, 0, 0, 0, 0, 0, 0, 0, '2025-10-13 11:41:34', '2025-10-05 19:05:39', 'PL', '2025-10-13 11:41:34', 0, 0),
(1092013, 'NCT_Xaos', 0, 0, 0, 0, 0, 0, 0, 0, 0, 0, '2025-09-12 13:47:17', NULL, 'BE', '2025-09-12 13:47:17', 0, 0),
(1115342, 'PE_Chuckster', 0, 0, 0, 0, 0, 0, 0, 0, 0, 0, '2025-10-13 11:41:34', '2025-10-05 19:35:31', 'FR', '2025-10-13 11:41:34', 0, 0),
(1123124, 'GP_Alex123', 0, 0, 0, 0, 0, 0, 0, 0, 0, 0, '2025-10-13 11:41:34', '2025-10-05 20:16:53', 'RU', '2025-10-13 11:41:34', 0, 0),
(1123134, 'G13_Jakob', 0, 0, 0, 0, 0, 0, 0, 0, 0, 0, '2025-10-13 11:41:34', '2025-10-11 19:07:09', 'DE', '2025-10-13 11:41:34', 0, 0),
(1146243, 'PE_BlueWinx', 0, 0, 0, 0, 0, 0, 0, 0, 0, 0, '2025-10-13 11:41:34', '2025-10-05 19:28:53', 'FR', '2025-10-13 11:41:34', 0, 0),
(1159195, 'IRAN_Baliant', 0, 0, 0, 0, 0, 0, 0, 0, 0, 0, '2025-09-16 22:30:37', '2025-09-15 19:04:15', 'FR', '2025-09-16 22:30:37', 0, 0),
(1160798, '24thBav_manka', 0, 0, 0, 0, 0, 0, 0, 0, 0, 0, '2025-10-13 11:41:34', '2025-10-08 19:00:11', 'UA', '2025-10-13 11:41:34', 0, 0),
(1194981, 'GVT_Cedrick', 0, 0, 0, 0, 0, 0, 0, 0, 0, 0, '2025-10-08 19:22:40', '2025-10-08 19:22:40', 'EN', '2025-10-08 19:22:40', 0, 0),
(1211057, 'NCT_Gerher', 0, 0, 0, 0, 0, 0, 0, 0, 0, 0, '2025-10-13 11:41:34', '2025-10-05 19:30:35', 'DE', '2025-10-13 11:41:34', 0, 0),
(1213248, 'IRAN_MxTer', 0, 0, 0, 0, 0, 0, 0, 0, 0, 0, '2025-10-02 09:31:28', '2025-09-28 19:35:07', 'FR', '2025-10-02 09:31:28', 0, 0),
(1216145, 'Inter_*Tim*', 0, 0, 0, 0, 0, 0, 0, 0, 0, 0, '2025-10-13 11:41:34', '2025-10-11 19:11:44', 'PL', '2025-10-13 11:41:34', 0, 0),
(1223304, 'IRAN_Vegi', 0, 0, 0, 0, 0, 0, 0, 0, 0, 0, '2025-10-02 09:31:28', '2025-09-28 19:34:52', 'BE', '2025-10-02 09:31:28', 0, 0),
(1232708, 'SS_VertilDr', 0, 0, 0, 0, 0, 0, 0, 0, 0, 0, '2025-10-13 11:41:34', '2025-10-11 19:07:05', 'US', '2025-10-13 11:41:34', 0, 0),
(1269742, 'G13_Movement', 0, 0, 0, 0, 0, 0, 0, 0, 0, 0, '2025-10-13 11:41:34', '2025-10-08 19:45:43', 'NL', '2025-10-13 11:41:34', 0, 0),
(1275070, 'Assassins_6N057', 0, 0, 0, 0, 0, 0, 0, 0, 0, 0, '2025-10-02 09:31:28', '2025-09-27 19:21:44', 'BY', '2025-10-02 09:31:28', 0, 0),
(1282828, 'FruitNinjas_Ben', 0, 0, 0, 0, 0, 0, 0, 0, 0, 0, '2025-10-13 11:41:34', '2025-10-08 19:15:47', 'UA', '2025-10-13 11:41:34', 0, 0),
(1288381, 'GVT_Darki', 0, 0, 0, 0, 0, 0, 0, 0, 0, 0, '2025-10-13 11:41:34', '2025-10-08 19:15:55', 'DE', '2025-10-13 11:41:34', 0, 0),
(1327587, 'V1bers_Arthwr', 0, 0, 0, 0, 0, 0, 0, 0, 0, 0, '2025-10-13 11:41:34', '2025-10-12 19:19:08', 'WL', '2025-10-13 11:41:34', 0, 0),
(1334819, 'FruitNinjas_galava', 0, 0, 0, 0, 0, 0, 0, 0, 0, 0, '2025-09-08 12:30:07', NULL, 'DE', '2025-09-08 12:30:07', 0, 0),
(1337040, 'James', 0, 0, 0, 0, 0, 0, 0, 0, 0, 0, '2025-09-13 19:46:52', '2025-09-13 19:46:52', NULL, '2025-09-13 19:46:52', 0, 0),
(1341627, 'GP_GhrossePotecs', 0, 0, 0, 0, 0, 0, 0, 0, 0, 0, '2025-09-08 15:09:52', NULL, 'RU', '2025-09-08 15:09:52', 0, 0),
(1347805, 'V1bers_PadawaN', 0, 0, 0, 0, 0, 0, 0, 0, 0, 0, '2025-10-02 09:31:28', '2025-09-28 19:33:07', 'ES', '2025-10-02 09:31:28', 0, 0),
(1349640, 'DAB_lonedoge', 0, 0, 0, 0, 0, 0, 0, 0, 0, 0, '2025-09-08 12:19:32', NULL, 'IE', '2025-09-08 12:19:32', 0, 0),
(1350448, 'dupa_Feddo', 0, 0, 0, 0, 0, 0, 0, 0, 0, 0, '2025-09-08 12:25:45', NULL, 'PL', '2025-09-08 12:25:45', 0, 0),
(1352599, '1stKB_Österreich', 0, 0, 0, 0, 0, 0, 0, 0, 0, 0, '2025-09-08 11:45:46', NULL, 'AT', '2025-09-08 11:45:46', 0, 0),
(1379228, 'GP_Plushka', 0, 0, 0, 0, 0, 0, 0, 0, 0, 0, '2025-10-13 11:41:34', '2025-10-05 19:07:25', 'RU', '2025-10-13 11:41:34', 0, 0),
(1396687, 'dupa_l3LADE', 0, 0, 0, 0, 0, 0, 0, 0, 0, 0, '2025-09-11 19:40:36', '2025-09-11 19:40:36', 'PL', '2025-09-11 19:40:36', 0, 0),
(1413052, 'Nr31_Gaidamak', 0, 0, 0, 0, 0, 0, 0, 0, 0, 0, '2025-09-06 23:54:58', '2025-09-06 18:56:47', 'UA', '2025-09-06 23:54:58', 0, 0),
(1417016, 'V1bers_Bird', 0, 0, 0, 0, 0, 0, 0, 0, 0, 0, '2025-09-11 19:13:11', '2025-09-11 19:13:11', 'EN', '2025-09-11 19:13:11', 0, 0),
(1422790, 'PE_Vexis', 0, 0, 0, 0, 0, 0, 0, 0, 0, 0, '2025-09-27 14:24:18', NULL, 'FR', '2025-09-27 14:24:18', 0, 0),
(1462072, 'BMS_Coco', 0, 0, 0, 0, 0, 0, 0, 0, 0, 0, '2025-10-13 11:41:34', '2025-10-05 19:30:26', 'FR', '2025-10-13 11:41:34', 0, 0),
(1472629, 'DAB_sHype', 0, 0, 0, 0, 0, 0, 0, 0, 0, 0, '2025-10-13 11:41:34', '2025-10-08 19:04:40', 'NL', '2025-10-13 11:41:34', 0, 0),
(1474293, 'GVT_Shovenio', 0, 0, 0, 0, 0, 0, 0, 0, 0, 0, '2025-10-13 11:41:34', '2025-10-08 19:16:03', 'EN', '2025-10-13 11:41:34', 0, 0),
(1474976, 'BMS_ClaSh', 0, 0, 0, 0, 0, 0, 0, 0, 0, 0, '2025-10-13 11:41:34', '2025-10-05 19:48:44', 'FR', '2025-10-13 11:41:34', 0, 0),
(1509611, 'Assassins_Shadow', 0, 0, 0, 0, 0, 0, 0, 0, 0, 0, '2025-10-13 11:41:34', '2025-10-11 19:11:28', 'DE', '2025-10-13 11:41:34', 0, 0),
(1513490, 'G13_Zenon', 0, 0, 0, 0, 0, 0, 0, 0, 0, 0, '2025-10-13 11:41:34', '2025-10-08 19:09:23', 'PL', '2025-10-13 11:41:34', 0, 0),
(1520575, 'Inter_GameOver', 0, 0, 0, 0, 0, 0, 0, 0, 0, 0, '2025-10-13 11:41:34', '2025-10-11 19:12:33', 'DE', '2025-10-13 11:41:34', 0, 0),
(1525793, 'GP_Flashkodr', 0, 0, 0, 0, 0, 0, 0, 0, 0, 0, '2025-10-13 11:41:34', '2025-10-05 19:00:11', 'RU', '2025-10-13 11:41:34', 0, 0),
(1529359, 'GP_Shogun', 0, 0, 0, 0, 0, 0, 0, 0, 0, 0, '2025-10-13 11:41:34', '2025-10-05 19:06:01', 'LV', '2025-10-13 11:41:34', 0, 0),
(1544447, 'SubV_CryingNoob', 0, 0, 0, 0, 0, 0, 0, 0, 0, 0, '2025-10-13 11:41:34', '2025-10-12 19:05:26', 'EN', '2025-10-13 11:41:34', 0, 0),
(1554632, 'PE_Dashie', 0, 0, 0, 0, 0, 0, 0, 0, 0, 0, '2025-10-13 11:41:34', '2025-10-05 19:29:30', 'FR', '2025-10-13 11:41:34', 0, 0),
(1554812, 'Assassins_Genius', 0, 0, 0, 0, 0, 0, 0, 0, 0, 0, '2025-10-13 11:41:34', '2025-10-11 19:11:28', 'RU', '2025-10-13 11:41:34', 0, 0),
(1556384, 'DAB_Achilles', 0, 0, 0, 0, 0, 0, 0, 0, 0, 0, '2025-10-13 11:41:34', '2025-10-08 18:58:26', 'SE', '2025-10-13 11:41:34', 0, 0),
(1577597, 'Nr31_Manul', 0, 0, 0, 0, 0, 0, 0, 0, 0, 0, '2025-10-13 11:41:34', '2025-10-08 18:57:09', 'UA', '2025-10-13 11:41:34', 0, 0),
(1581354, 'IRAN_Baliant', 0, 0, 0, 0, 0, 0, 0, 0, 0, 0, '2025-09-08 15:11:16', NULL, 'FR', '2025-09-08 15:11:16', 0, 0),
(1606529, 'FRA_MiloradovitchCAF', 0, 0, 0, 0, 0, 0, 0, 0, 0, 0, '2025-09-28 20:40:12', '2025-09-28 20:40:12', NULL, '2025-09-28 20:40:12', 0, 0),
(1624559, 'pro100pro', 0, 0, 0, 0, 0, 0, 0, 0, 0, 0, '2025-09-14 19:04:12', '2025-09-14 19:04:12', NULL, '2025-09-14 19:04:12', 0, 0),
(1637460, 'ESX_Nova', 0, 0, 0, 0, 0, 0, 0, 0, 0, 0, '2025-10-13 11:41:34', '2025-10-11 19:08:47', 'ET', '2025-10-13 11:41:34', 0, 0),
(1677879, 'NCT_Xaos', 0, 0, 0, 0, 0, 0, 0, 0, 0, 0, '2025-10-13 11:41:34', '2025-10-05 19:01:57', 'BE', '2025-10-13 11:41:34', 0, 0),
(1681176, 'BMS_Flo', 0, 0, 0, 0, 0, 0, 0, 0, 0, 0, '2025-10-13 11:41:34', '2025-10-05 19:02:03', 'FR', '2025-10-13 11:41:34', 0, 0),
(1688497, 'PE_Fluffy', 0, 0, 0, 0, 0, 0, 0, 0, 0, 0, '2025-10-11 19:27:40', '2025-10-11 19:27:40', 'FR', '2025-10-11 19:27:40', 0, 0),
(1691357, 'GVT_Blitzkrieg', 0, 0, 0, 0, 0, 0, 0, 0, 0, 0, '2025-10-13 11:41:34', '2025-10-08 19:15:53', 'EN', '2025-10-13 11:41:34', 0, 0),
(1696213, 'Inter_sennii', 0, 0, 0, 0, 0, 0, 0, 0, 0, 0, '2025-10-13 11:41:34', '2025-10-11 19:16:20', 'DE', '2025-10-13 11:41:34', 0, 0),
(1719999, 'V1bers_Dark', 0, 0, 0, 0, 0, 0, 0, 0, 0, 0, '2025-10-13 11:41:34', '2025-10-11 19:11:58', 'EN', '2025-10-13 11:41:34', 0, 0),
(1722460, 'FruitNinjas_Raime', 0, 0, 0, 0, 0, 0, 0, 0, 0, 0, '2025-10-13 11:41:34', '2025-10-08 19:22:10', 'UA', '2025-10-13 11:41:34', 0, 0),
(1733634, 'SineSpace', 0, 0, 0, 0, 0, 0, 0, 0, 0, 0, '2025-10-05 19:39:49', '2025-10-05 19:39:49', NULL, '2025-10-05 19:39:49', 0, 0),
(1737433, 'GP_Bonaparte', 0, 0, 0, 0, 0, 0, 0, 0, 0, 0, '2025-10-13 11:41:34', '2025-10-08 19:12:34', 'AZ', '2025-10-13 11:41:34', 0, 0),
(1738245, 'Assassins_Ceed', 0, 0, 0, 0, 0, 0, 0, 0, 0, 0, '2025-10-13 11:41:34', '2025-10-11 19:10:48', 'UA', '2025-10-13 11:41:34', 0, 0),
(1757644, 'ESX_Wolfgang', 0, 0, 0, 0, 0, 0, 0, 0, 0, 0, '2025-10-13 11:41:34', '2025-10-11 19:22:37', 'EN', '2025-10-13 11:41:34', 0, 0),
(1763952, 'V1bers_Stefan', 0, 0, 0, 0, 0, 0, 0, 0, 0, 0, '2025-10-12 19:24:25', '2025-10-12 19:24:25', 'AT', '2025-10-12 19:24:25', 0, 0),
(1770537, 'ESX_Hughie', 0, 0, 0, 0, 0, 0, 0, 0, 0, 0, '2025-10-13 11:41:34', '2025-10-11 19:03:13', 'EN', '2025-10-13 11:41:34', 0, 0),
(1783914, 'FruitNinjas_twister*', 0, 0, 0, 0, 0, 0, 0, 0, 0, 0, '2025-10-13 11:41:34', '2025-10-08 19:15:33', 'UA', '2025-10-13 11:41:34', 0, 0),
(1786021, 'BMS_Roni', 0, 0, 0, 0, 0, 0, 0, 0, 0, 0, '2025-10-13 11:41:34', '2025-10-05 19:29:42', 'FR', '2025-10-13 11:41:34', 0, 0),
(1803585, 'FruitNinjas_hodok', 0, 0, 0, 0, 0, 0, 0, 0, 0, 0, '2025-10-13 11:41:34', '2025-10-08 19:15:50', 'UA', '2025-10-13 11:41:34', 0, 0),
(1804136, 'PE_Naatsuu', 0, 0, 0, 0, 0, 0, 0, 0, 0, 0, '2025-09-26 19:00:59', '2025-09-26 19:00:59', NULL, '2025-09-26 19:00:59', 0, 0),
(1807303, 'Inter_Bagration', 0, 0, 0, 0, 0, 0, 0, 0, 0, 0, '2025-10-13 11:41:34', '2025-10-11 19:11:14', 'UA', '2025-10-13 11:41:34', 0, 0),
(1814235, 'SubV_CommissarBadger', 0, 0, 0, 0, 0, 0, 0, 0, 0, 0, '2025-10-13 11:41:34', '2025-10-12 19:00:06', 'PL', '2025-10-13 11:41:34', 0, 0),
(1832685, 'IRAN_Lebrun', 0, 0, 0, 0, 0, 0, 0, 0, 0, 0, '2025-10-05 20:26:19', '2025-10-05 20:26:19', 'FR', '2025-10-05 20:26:19', 0, 0),
(1835039, 'NCT_Ciom', 0, 0, 0, 0, 0, 0, 0, 0, 0, 0, '2025-10-13 11:41:34', '2025-10-05 19:27:59', 'PL', '2025-10-13 11:41:34', 0, 0),
(1858904, 'KV_Barro', 0, 0, 0, 0, 0, 0, 0, 0, 0, 0, '2025-10-13 11:41:34', '2025-10-05 19:31:13', 'BE', '2025-10-13 11:41:34', 0, 0),
(1871942, 'SS_Horse', 0, 0, 0, 0, 0, 0, 0, 0, 0, 0, '2025-10-02 09:31:28', '2025-09-20 18:58:53', 'US', '2025-10-02 09:31:28', 0, 0),
(1875191, 'dupa_REBIdiom', 0, 0, 0, 0, 0, 0, 0, 0, 0, 0, '2025-09-08 12:25:45', NULL, 'PL', '2025-09-08 12:25:45', 0, 0),
(1879412, 'Inter_Moon_Pony', 0, 0, 0, 0, 0, 0, 0, 0, 0, 0, '2025-09-08 15:13:50', NULL, 'RU', '2025-09-08 15:13:50', 0, 0),
(1897225, '24thBav_Dark_Lord', 0, 0, 0, 0, 0, 0, 0, 0, 0, 0, '2025-10-13 11:41:34', '2025-10-08 18:59:36', 'UA', '2025-10-13 11:41:34', 0, 0),
(1916824, 'PE_Tommy', 0, 0, 0, 0, 0, 0, 0, 0, 0, 0, '2025-10-13 11:41:34', '2025-10-11 19:02:37', 'GR', '2025-10-13 11:41:34', 0, 0),
(1923074, '24thBav_Miblishko', 0, 0, 0, 0, 0, 0, 0, 0, 0, 0, '2025-10-02 09:31:28', '2025-09-14 19:09:18', 'UA', '2025-10-02 09:31:28', 0, 0),
(1928138, 'NCT_Dundi', 0, 0, 0, 0, 0, 0, 0, 0, 0, 0, '2025-10-13 11:41:34', '2025-10-08 19:10:13', 'PL', '2025-10-13 11:41:34', 0, 0),
(1934739, 'Nr3_Gfr_WilliamCano', 0, 0, 0, 0, 0, 0, 0, 0, 0, 0, '2025-09-13 19:46:58', '2025-09-13 19:46:58', NULL, '2025-09-13 19:46:58', 0, 0),
(1934984, 'ESX_Kubus', 0, 0, 0, 0, 0, 0, 0, 0, 0, 0, '2025-10-11 19:09:51', '2025-10-11 19:09:51', 'CZ', '2025-10-11 19:09:51', 0, 0),
(1951282, 'Assassins_browarx', 0, 0, 0, 0, 0, 0, 0, 0, 0, 0, '2025-10-13 11:41:34', '2025-10-11 19:47:01', 'PL', '2025-10-13 11:41:34', 0, 0),
(1959761, 'Schalenbrecher', 0, 0, 0, 0, 0, 0, 0, 0, 0, 0, '2025-09-14 19:39:26', '2025-09-14 19:39:26', NULL, '2025-09-14 19:39:26', 0, 0),
(1978524, 'G13_HiReaper', 0, 0, 0, 0, 0, 0, 0, 0, 0, 0, '2025-10-13 11:41:34', '2025-10-08 19:05:44', 'EN', '2025-10-13 11:41:34', 0, 0),
(1984814, 'PE_Naatsuu', 0, 0, 0, 0, 0, 0, 0, 0, 0, 0, '2025-10-13 11:41:34', '2025-10-05 19:29:05', 'PL', '2025-10-13 11:41:34', 0, 0),
(2002752, 'OZBEKK', 0, 0, 0, 0, 0, 0, 0, 0, 0, 0, '2025-10-11 19:11:54', '2025-10-11 19:11:54', NULL, '2025-10-11 19:11:54', 0, 0),
(2003478, 'BMS_Kennedy', 0, 0, 0, 0, 0, 0, 0, 0, 0, 0, '2025-10-02 09:31:28', '2025-10-01 19:37:02', 'FR', '2025-10-02 09:31:28', 0, 0),
(2086845, 'V1bers_Ri0T', 0, 0, 0, 0, 0, 0, 0, 0, 0, 0, '2025-10-13 11:41:34', '2025-10-11 19:11:54', 'NL', '2025-10-13 11:41:34', 0, 0),
(2087086, 'asasins_yulia', 0, 0, 0, 0, 0, 0, 0, 0, 0, 0, '2025-10-11 19:19:31', '2025-10-11 19:19:31', NULL, '2025-10-11 19:19:31', 0, 0),
(2099405, 'ESX_Luke', 0, 0, 0, 0, 0, 0, 0, 0, 0, 0, '2025-09-08 12:23:09', NULL, 'RU', '2025-09-08 12:23:09', 0, 0),
(2101026, '1stKB_Domi', 0, 0, 0, 0, 0, 0, 0, 0, 0, 0, '2025-10-13 11:41:34', '2025-10-12 19:05:11', 'DE', '2025-10-13 11:41:34', 0, 0),
(2116360, 'Nr31_Arkan', 0, 0, 0, 0, 0, 0, 0, 0, 0, 0, '2025-10-13 11:41:34', '2025-10-08 18:56:24', 'UA', '2025-10-13 11:41:34', 0, 0),
(2122505, 'NCT_Zxntaro', 0, 0, 0, 0, 0, 0, 0, 0, 0, 0, '2025-09-16 22:30:37', '2025-09-16 19:01:53', 'BE', '2025-09-16 22:30:37', 0, 0),
(2122536, 'Inter_Basilikum', 0, 0, 0, 0, 0, 0, 0, 0, 0, 0, '2025-10-13 11:41:34', '2025-10-11 19:40:21', 'DE', '2025-10-13 11:41:34', 0, 0),
(2135034, 'BMS_Trexons', 0, 0, 0, 0, 0, 0, 0, 0, 0, 0, '2025-10-13 11:41:34', '2025-10-05 19:29:34', 'PL', '2025-10-13 11:41:34', 0, 0),
(2189042, 'ESX_Jake', 0, 0, 0, 0, 0, 0, 0, 0, 0, 0, '2025-10-13 11:41:34', '2025-10-11 19:10:59', 'EN', '2025-10-13 11:41:34', 0, 0),
(2191845, '1stKB_LukiPuki', 0, 0, 0, 0, 0, 0, 0, 0, 0, 0, '2025-10-13 11:41:34', '2025-10-12 19:04:26', 'DE', '2025-10-13 11:41:34', 0, 0),
(2193180, 'New_Player', 0, 0, 0, 0, 0, 0, 0, 0, 0, 0, '2025-10-05 19:10:10', '2025-10-05 19:10:10', NULL, '2025-10-05 19:10:10', 0, 0),
(2197266, 'ESX_LordofPing', 0, 0, 0, 0, 0, 0, 0, 0, 0, 0, '2025-09-18 08:52:05', NULL, 'TR', '2025-09-18 08:52:05', 0, 0),
(2226106, 'IRAN_LenoX', 0, 0, 0, 0, 0, 0, 0, 0, 0, 0, '2025-10-11 19:07:04', '2025-10-11 19:07:04', 'FR', '2025-10-11 19:07:04', 0, 0),
(2228738, 'IRAN_HARAM_PHILIP', 0, 0, 0, 0, 0, 0, 0, 0, 0, 0, '2025-09-20 19:32:22', '2025-09-20 19:32:22', NULL, '2025-09-20 19:32:22', 0, 0),
(2231675, 'IRAN_Fred2', 0, 0, 0, 0, 0, 0, 0, 0, 0, 0, '2025-09-16 22:30:37', '2025-09-15 18:59:51', 'FR', '2025-09-16 22:30:37', 0, 0),
(2234378, 'ESX_Spooky', 0, 0, 0, 0, 0, 0, 0, 0, 0, 0, '2025-10-02 09:31:28', '2025-09-20 19:02:30', 'NO', '2025-10-02 09:31:28', 0, 0),
(2259696, '24thBav_Staindbill', 0, 0, 0, 0, 0, 0, 0, 0, 0, 0, '2025-10-13 11:41:34', '2025-10-08 19:01:07', 'UA', '2025-10-13 11:41:34', 0, 0),
(2279038, '24thBav_Vulf', 0, 0, 0, 0, 0, 0, 0, 0, 0, 0, '2025-10-13 11:41:34', '2025-10-08 19:03:55', 'UA', '2025-10-13 11:41:34', 0, 0),
(2289178, '24thBav_Rybov', 0, 0, 0, 0, 0, 0, 0, 0, 0, 0, '2025-10-13 11:41:34', '2025-10-08 19:14:19', 'UA', '2025-10-13 11:41:34', 0, 0),
(2300331, 'Nr31_SiGmaSvinka', 0, 0, 0, 0, 0, 0, 0, 0, 0, 0, '2025-10-13 11:41:34', '2025-10-08 18:57:03', 'UA', '2025-10-13 11:41:34', 0, 0),
(2315243, 'Inter_CezzarPasha', 0, 0, 0, 0, 0, 0, 0, 0, 0, 0, '2025-10-13 11:41:34', '2025-10-11 19:11:55', 'TR', '2025-10-13 11:41:34', 0, 0),
(2319358, 't0oad', 0, 0, 0, 0, 0, 0, 0, 0, 0, 0, '2025-10-11 19:04:36', '2025-10-11 19:04:36', 'SE', '2025-10-11 19:04:36', 0, 0),
(2320522, 'Assassins_Keteshi', 0, 0, 0, 0, 0, 0, 0, 0, 0, 0, '2025-10-13 11:41:34', '2025-10-11 19:11:40', 'RU', '2025-10-13 11:41:34', 0, 0),
(2392773, 'V1bers_Mazir', 0, 0, 0, 0, 0, 0, 0, 0, 0, 0, '2025-10-13 11:41:34', '2025-10-11 19:32:51', 'EN', '2025-10-13 11:41:34', 0, 0),
(2412281, 'IRAN_Jean', 0, 0, 0, 0, 0, 0, 0, 0, 0, 0, '2025-10-02 09:31:28', '2025-09-28 20:37:29', 'FR', '2025-10-02 09:31:28', 0, 0),
(2491664, 'Assassins_EviL_XomiK', 0, 0, 0, 0, 0, 0, 0, 0, 0, 0, '2025-10-13 11:41:34', '2025-10-11 19:11:26', 'UA', '2025-10-13 11:41:34', 0, 0),
(2498648, 'Nr31_Sagaydachniy', 0, 0, 0, 0, 0, 0, 0, 0, 0, 0, '2025-10-13 11:41:34', '2025-10-08 18:56:16', 'UA', '2025-10-13 11:41:34', 0, 0),
(2505693, '24thBav_GLUA', 0, 0, 0, 0, 0, 0, 0, 0, 0, 0, '2025-09-08 11:48:03', NULL, 'UA', '2025-09-08 11:48:03', 0, 0),
(2508655, '24thBav_Willhelm', 0, 0, 0, 0, 0, 0, 0, 0, 0, 0, '2025-10-13 11:41:34', '2025-10-08 18:56:29', 'UA', '2025-10-13 11:41:34', 0, 0),
(2509869, '[24thBav]Baida', 0, 0, 0, 0, 0, 0, 0, 0, 0, 0, '2025-10-02 09:31:28', '2025-09-14 19:02:25', 'UA', '2025-10-02 09:31:28', 0, 0),
(2511723, '1stKB_Cerero', 0, 0, 0, 0, 0, 0, 0, 0, 0, 0, '2025-10-13 11:41:34', '2025-10-12 19:02:30', 'DE', '2025-10-13 11:41:34', 0, 0),
(2517368, 'Nr31_Sh1nGer', 0, 0, 0, 0, 0, 0, 0, 0, 0, 0, '2025-10-13 11:41:34', '2025-10-08 18:56:19', 'UA', '2025-10-13 11:41:34', 0, 0),
(2521090, 'Nr31[FKR]_Fwb_AvatarFM', 0, 0, 0, 0, 0, 0, 0, 0, 0, 0, '2025-10-08 19:00:52', '2025-10-08 19:00:52', NULL, '2025-10-08 19:00:52', 0, 0),
(2525779, 'Nr31_Generadier', 0, 0, 0, 0, 0, 0, 0, 0, 0, 0, '2025-10-13 11:41:34', '2025-10-08 19:09:47', 'UA', '2025-10-13 11:41:34', 0, 0),
(2525807, '1stKB_Koefte', 0, 0, 0, 0, 0, 0, 0, 0, 0, 0, '2025-10-13 11:41:34', '2025-10-12 19:05:52', 'DE', '2025-10-13 11:41:34', 0, 0),
(2525952, 'LuZenDria', 0, 0, 0, 0, 0, 0, 0, 0, 0, 0, '2025-10-05 19:30:54', '2025-10-05 19:30:54', NULL, '2025-10-05 19:30:54', 0, 0),
(2527500, '1stKB_KnollidesOstens', 0, 0, 0, 0, 0, 0, 0, 0, 0, 0, '2025-10-13 11:41:34', '2025-10-12 19:03:34', 'DE', '2025-10-13 11:41:34', 0, 0),
(2532448, '1stKB_Vod', 0, 0, 0, 0, 0, 0, 0, 0, 0, 0, '2025-10-12 19:04:29', '2025-10-12 19:04:29', 'DE', '2025-10-12 19:04:29', 0, 0),
(2550011, 'Nr31_Warwic', 0, 0, 0, 0, 0, 0, 0, 0, 0, 0, '2025-10-13 11:41:34', '2025-10-08 19:00:55', 'UA', '2025-10-13 11:41:34', 0, 0),
(2560206, 'Inter_James', 0, 0, 0, 0, 0, 0, 0, 0, 0, 0, '2025-10-13 11:41:34', '2025-10-11 19:10:42', 'CZ', '2025-10-13 11:41:34', 0, 0);

-- --------------------------------------------------------

--
-- Table structure for table `map_stats`
--

CREATE TABLE `map_stats` (
  `guid` int(10) UNSIGNED NOT NULL,
  `map_name` varchar(255) NOT NULL,
  `kills` int(10) UNSIGNED DEFAULT 0,
  `deaths` int(10) UNSIGNED DEFAULT 0,
  `damage_dealt` int(10) UNSIGNED DEFAULT 0,
  `damage_taken` int(10) UNSIGNED DEFAULT 0,
  `assists` int(10) UNSIGNED DEFAULT 0,
  `rounds_played` int(10) UNSIGNED DEFAULT 0,
  `first_picks` int(10) UNSIGNED DEFAULT 0,
  `first_deaths` int(10) UNSIGNED DEFAULT 0
) ENGINE=InnoDB DEFAULT CHARSET=latin1 COLLATE=latin1_swedish_ci;

--
-- Dumping data for table `map_stats`
--

INSERT INTO `map_stats` (`guid`, `map_name`, `kills`, `deaths`, `damage_dealt`, `damage_taken`, `assists`, `rounds_played`, `first_picks`, `first_deaths`) VALUES
(2232, 'BYT Desert', 0, 0, 0, 0, 0, 0, 0, 0),
(2232, 'BYT Island', 0, 0, 0, 0, 0, 0, 0, 0),
(9531, 'BYT Desert', 0, 0, 0, 0, 0, 0, 0, 0),
(9531, 'BYT Island', 0, 0, 0, 0, 0, 0, 0, 0),
(9531, 'BYT Snow', 0, 0, 0, 0, 0, 0, 0, 0),
(10681, 'BYT Island', 0, 0, 0, 0, 0, 0, 0, 0),
(10681, 'BYT Snow', 0, 0, 0, 0, 0, 0, 0, 0),
(62821, 'BYT City', 0, 0, 0, 0, 0, 0, 0, 0),
(62821, 'BYT Desert', 0, 0, 0, 0, 0, 0, 0, 0),
(62821, 'BYT Forest', 0, 0, 0, 0, 0, 0, 0, 0),
(62821, 'BYT Island', 0, 0, 0, 0, 0, 0, 0, 0),
(278973, 'BYT Desert', 0, 0, 0, 0, 0, 0, 0, 0),
(278973, 'BYT Island', 0, 0, 0, 0, 0, 0, 0, 0),
(278973, 'BYT Snow', 0, 0, 0, 0, 0, 0, 0, 0),
(290348, 'BYT Desert', 0, 0, 0, 0, 0, 0, 0, 0),
(290348, 'BYT Island', 0, 0, 0, 0, 0, 0, 0, 0),
(290348, 'BYT Snow', 0, 0, 0, 0, 0, 0, 0, 0),
(301721, 'BYT Desert', 0, 0, 0, 0, 0, 0, 0, 0),
(301721, 'BYT Forest', 0, 0, 0, 0, 0, 0, 0, 0),
(301721, 'BYT Island', 0, 0, 0, 0, 0, 0, 0, 0),
(301721, 'BYT Stadium', 0, 0, 0, 0, 0, 0, 0, 0),
(335479, 'BYT Desert', 0, 0, 0, 0, 0, 0, 0, 0),
(335479, 'BYT Forest', 0, 0, 0, 0, 0, 0, 0, 0),
(335479, 'BYT Snow', 0, 0, 0, 0, 0, 0, 0, 0),
(349853, 'BYT Desert', 0, 0, 0, 0, 0, 0, 0, 0),
(349853, 'BYT Forest', 0, 0, 0, 0, 0, 0, 0, 0),
(349853, 'BYT Snow', 0, 0, 0, 0, 0, 0, 0, 0),
(351969, 'BYT Desert', 0, 0, 0, 0, 0, 0, 0, 0),
(351969, 'BYT Forest', 0, 0, 0, 0, 0, 0, 0, 0),
(351969, 'BYT Island', 0, 0, 0, 0, 0, 0, 0, 0),
(351969, 'BYT Snow', 0, 0, 0, 0, 0, 0, 0, 0),
(372274, 'BYT Desert', 0, 0, 0, 0, 0, 0, 0, 0),
(372274, 'BYT Snow', 0, 0, 0, 0, 0, 0, 0, 0),
(375537, 'BYT Desert', 0, 0, 0, 0, 0, 0, 0, 0),
(375537, 'BYT Island', 0, 0, 0, 0, 0, 0, 0, 0),
(375537, 'BYT Stadium', 0, 0, 0, 0, 0, 0, 0, 0),
(395813, 'BYT Desert', 0, 0, 0, 0, 0, 0, 0, 0),
(395813, 'BYT Island', 0, 0, 0, 0, 0, 0, 0, 0),
(415702, 'BYT Desert', 0, 0, 0, 0, 0, 0, 0, 0),
(415702, 'BYT Forest', 0, 0, 0, 0, 0, 0, 0, 0),
(415702, 'BYT Island', 0, 0, 0, 0, 0, 0, 0, 0),
(415702, 'BYT Snow', 0, 0, 0, 0, 0, 0, 0, 0),
(436448, 'BYT City', 0, 0, 0, 0, 0, 0, 0, 0),
(436448, 'BYT Desert', 0, 0, 0, 0, 0, 0, 0, 0),
(436448, 'BYT Forest', 0, 0, 0, 0, 0, 0, 0, 0),
(436448, 'BYT Island', 0, 0, 0, 0, 0, 0, 0, 0),
(449912, 'BYT Desert', 0, 0, 0, 0, 0, 0, 0, 0),
(449912, 'BYT Island', 0, 0, 0, 0, 0, 0, 0, 0),
(452214, 'BYT Desert', 0, 0, 0, 0, 0, 0, 0, 0),
(452214, 'BYT Forest', 0, 0, 0, 0, 0, 0, 0, 0),
(452214, 'BYT Island', 0, 0, 0, 0, 0, 0, 0, 0),
(452214, 'BYT Snow', 0, 0, 0, 0, 0, 0, 0, 0),
(452214, 'BYT Stadium', 0, 0, 0, 0, 0, 0, 0, 0),
(461759, 'BYT Island', 0, 0, 0, 0, 0, 0, 0, 0),
(461759, 'BYT Snow', 0, 0, 0, 0, 0, 0, 0, 0),
(461759, 'BYT Stadium', 0, 0, 0, 0, 0, 0, 0, 0),
(488794, 'BYT Desert', 0, 0, 0, 0, 0, 0, 0, 0),
(488794, 'BYT Forest', 0, 0, 0, 0, 0, 0, 0, 0),
(488794, 'BYT Island', 0, 0, 0, 0, 0, 0, 0, 0),
(488794, 'BYT Snow', 0, 0, 0, 0, 0, 0, 0, 0),
(499882, 'BYT City', 0, 0, 0, 0, 0, 0, 0, 0),
(499882, 'BYT Desert', 0, 0, 0, 0, 0, 0, 0, 0),
(499882, 'BYT Forest', 0, 0, 0, 0, 0, 0, 0, 0),
(499882, 'BYT Island', 0, 0, 0, 0, 0, 0, 0, 0),
(500306, 'BYT Desert', 0, 0, 0, 0, 0, 0, 0, 0),
(500306, 'BYT Island', 0, 0, 0, 0, 0, 0, 0, 0),
(500306, 'BYT Snow', 0, 0, 0, 0, 0, 0, 0, 0),
(503765, 'BYT Desert', 0, 0, 0, 0, 0, 0, 0, 0),
(503765, 'BYT Forest', 0, 0, 0, 0, 0, 0, 0, 0),
(503765, 'BYT Island', 0, 0, 0, 0, 0, 0, 0, 0),
(526649, 'BYT Desert', 0, 0, 0, 0, 0, 0, 0, 0),
(526649, 'BYT Island', 0, 0, 0, 0, 0, 0, 0, 0),
(636812, 'BYT Desert', 0, 0, 0, 0, 0, 0, 0, 0),
(636812, 'BYT Forest', 0, 0, 0, 0, 0, 0, 0, 0),
(636812, 'BYT Island', 0, 0, 0, 0, 0, 0, 0, 0),
(651079, 'BYT Desert', 0, 0, 0, 0, 0, 0, 0, 0),
(651079, 'BYT Island', 0, 0, 0, 0, 0, 0, 0, 0),
(651079, 'BYT Snow', 0, 0, 0, 0, 0, 0, 0, 0),
(663095, 'BYT City', 0, 0, 0, 0, 0, 0, 0, 0),
(663095, 'BYT Desert', 0, 0, 0, 0, 0, 0, 0, 0),
(663095, 'BYT Island', 0, 0, 0, 0, 0, 0, 0, 0),
(671857, 'BYT Desert', 0, 0, 0, 0, 0, 0, 0, 0),
(671857, 'BYT Snow', 0, 0, 0, 0, 0, 0, 0, 0),
(678193, 'BYT Desert', 0, 0, 0, 0, 0, 0, 0, 0),
(678193, 'BYT Forest', 0, 0, 0, 0, 0, 0, 0, 0),
(678193, 'BYT Island', 0, 0, 0, 0, 0, 0, 0, 0),
(678193, 'BYT Snow', 0, 0, 0, 0, 0, 0, 0, 0),
(678193, 'BYT Stadium', 0, 0, 0, 0, 0, 0, 0, 0),
(774878, 'BYT Desert', 0, 0, 0, 0, 0, 0, 0, 0),
(774878, 'BYT Forest', 0, 0, 0, 0, 0, 0, 0, 0),
(780242, 'BYT Desert', 0, 0, 0, 0, 0, 0, 0, 0),
(780242, 'BYT Forest', 0, 0, 0, 0, 0, 0, 0, 0),
(788804, 'BYT Desert', 0, 0, 0, 0, 0, 0, 0, 0),
(788804, 'BYT Forest', 0, 0, 0, 0, 0, 0, 0, 0),
(788804, 'BYT Island', 0, 0, 0, 0, 0, 0, 0, 0),
(788804, 'BYT Stadium', 0, 0, 0, 0, 0, 0, 0, 0),
(792123, 'BYT Desert', 0, 0, 0, 0, 0, 0, 0, 0),
(792123, 'BYT Island', 0, 0, 0, 0, 0, 0, 0, 0),
(792123, 'BYT Snow', 0, 0, 0, 0, 0, 0, 0, 0),
(793812, 'BYT Island', 0, 0, 0, 0, 0, 0, 0, 0),
(793812, 'BYT Snow', 0, 0, 0, 0, 0, 0, 0, 0),
(793812, 'BYT Stadium', 0, 0, 0, 0, 0, 0, 0, 0),
(838879, 'BYT City', 0, 0, 0, 0, 0, 0, 0, 0),
(838879, 'BYT Desert', 0, 0, 0, 0, 0, 0, 0, 0),
(838879, 'BYT Forest', 0, 0, 0, 0, 0, 0, 0, 0),
(838879, 'BYT Island', 0, 0, 0, 0, 0, 0, 0, 0),
(840822, 'BYT Desert', 0, 0, 0, 0, 0, 0, 0, 0),
(840822, 'BYT Snow', 0, 0, 0, 0, 0, 0, 0, 0),
(863865, 'BYT Desert', 0, 0, 0, 0, 0, 0, 0, 0),
(863865, 'BYT Forest', 0, 0, 0, 0, 0, 0, 0, 0),
(863865, 'BYT Island', 0, 0, 0, 0, 0, 0, 0, 0),
(863865, 'BYT Snow', 0, 0, 0, 0, 0, 0, 0, 0),
(892796, 'BYT Desert', 0, 0, 0, 0, 0, 0, 0, 0),
(892796, 'BYT Forest', 0, 0, 0, 0, 0, 0, 0, 0),
(892796, 'BYT Island', 0, 0, 0, 0, 0, 0, 0, 0),
(902557, 'BYT Desert', 0, 0, 0, 0, 0, 0, 0, 0),
(902557, 'BYT Forest', 0, 0, 0, 0, 0, 0, 0, 0),
(902557, 'BYT Island', 0, 0, 0, 0, 0, 0, 0, 0),
(902557, 'BYT Snow', 0, 0, 0, 0, 0, 0, 0, 0),
(902557, 'BYT Stadium', 0, 0, 0, 0, 0, 0, 0, 0),
(927368, 'BYT Desert', 0, 0, 0, 0, 0, 0, 0, 0),
(927368, 'BYT Island', 0, 0, 0, 0, 0, 0, 0, 0),
(927368, 'BYT Snow', 0, 0, 0, 0, 0, 0, 0, 0),
(943123, 'BYT Desert', 0, 0, 0, 0, 0, 0, 0, 0),
(943123, 'BYT Island', 0, 0, 0, 0, 0, 0, 0, 0),
(951862, 'BYT Island', 0, 0, 0, 0, 0, 0, 0, 0),
(951862, 'BYT Snow', 0, 0, 0, 0, 0, 0, 0, 0),
(951862, 'BYT Stadium', 0, 0, 0, 0, 0, 0, 0, 0),
(952369, 'BYT Desert', 0, 0, 0, 0, 0, 0, 0, 0),
(952369, 'BYT Island', 0, 0, 0, 0, 0, 0, 0, 0),
(952369, 'BYT Snow', 0, 0, 0, 0, 0, 0, 0, 0),
(952369, 'BYT Stadium', 0, 0, 0, 0, 0, 0, 0, 0),
(956996, 'BYT City', 0, 0, 0, 0, 0, 0, 0, 0),
(956996, 'BYT Desert', 0, 0, 0, 0, 0, 0, 0, 0),
(956996, 'BYT Forest', 0, 0, 0, 0, 0, 0, 0, 0),
(956996, 'BYT Island', 0, 0, 0, 0, 0, 0, 0, 0),
(994995, 'BYT City', 0, 0, 0, 0, 0, 0, 0, 0),
(994995, 'BYT Desert', 0, 0, 0, 0, 0, 0, 0, 0),
(994995, 'BYT Island', 0, 0, 0, 0, 0, 0, 0, 0),
(994995, 'BYT Stadium', 0, 0, 0, 0, 0, 0, 0, 0),
(1115342, 'BYT Desert', 0, 0, 0, 0, 0, 0, 0, 0),
(1115342, 'BYT Forest', 0, 0, 0, 0, 0, 0, 0, 0),
(1115342, 'BYT Snow', 0, 0, 0, 0, 0, 0, 0, 0),
(1123124, 'BYT Desert', 0, 0, 0, 0, 0, 0, 0, 0),
(1123124, 'BYT Forest', 0, 0, 0, 0, 0, 0, 0, 0),
(1123124, 'BYT Island', 0, 0, 0, 0, 0, 0, 0, 0),
(1123134, 'BYT Desert', 0, 0, 0, 0, 0, 0, 0, 0),
(1123134, 'BYT Island', 0, 0, 0, 0, 0, 0, 0, 0),
(1123134, 'BYT Snow', 0, 0, 0, 0, 0, 0, 0, 0),
(1146243, 'BYT Desert', 0, 0, 0, 0, 0, 0, 0, 0),
(1146243, 'BYT Snow', 0, 0, 0, 0, 0, 0, 0, 0),
(1159195, 'BYT Desert', 0, 0, 0, 0, 0, 0, 0, 0),
(1159195, 'BYT Forest', 0, 0, 0, 0, 0, 0, 0, 0),
(1159195, 'BYT Island', 0, 0, 0, 0, 0, 0, 0, 0),
(1160798, 'BYT Desert', 0, 0, 0, 0, 0, 0, 0, 0),
(1160798, 'BYT Forest', 0, 0, 0, 0, 0, 0, 0, 0),
(1160798, 'BYT Snow', 0, 0, 0, 0, 0, 0, 0, 0),
(1194981, 'BYT Stadium', 0, 0, 0, 0, 0, 0, 0, 0),
(1211057, 'BYT City', 0, 0, 0, 0, 0, 0, 0, 0),
(1211057, 'BYT Desert', 0, 0, 0, 0, 0, 0, 0, 0),
(1211057, 'BYT Forest', 0, 0, 0, 0, 0, 0, 0, 0),
(1211057, 'BYT Island', 0, 0, 0, 0, 0, 0, 0, 0),
(1211057, 'BYT Stadium', 0, 0, 0, 0, 0, 0, 0, 0),
(1213248, 'BYT City', 0, 0, 0, 0, 0, 0, 0, 0),
(1213248, 'BYT Desert', 0, 0, 0, 0, 0, 0, 0, 0),
(1213248, 'BYT Island', 0, 0, 0, 0, 0, 0, 0, 0),
(1216145, 'BYT Island', 0, 0, 0, 0, 0, 0, 0, 0),
(1216145, 'BYT Snow', 0, 0, 0, 0, 0, 0, 0, 0),
(1216145, 'BYT Stadium', 0, 0, 0, 0, 0, 0, 0, 0),
(1223304, 'BYT City', 0, 0, 0, 0, 0, 0, 0, 0),
(1223304, 'BYT Desert', 0, 0, 0, 0, 0, 0, 0, 0),
(1223304, 'BYT Forest', 0, 0, 0, 0, 0, 0, 0, 0),
(1223304, 'BYT Island', 0, 0, 0, 0, 0, 0, 0, 0),
(1232708, 'BYT Forest', 0, 0, 0, 0, 0, 0, 0, 0),
(1232708, 'BYT Snow', 0, 0, 0, 0, 0, 0, 0, 0),
(1232708, 'BYT Stadium', 0, 0, 0, 0, 0, 0, 0, 0),
(1269742, 'BYT Desert', 0, 0, 0, 0, 0, 0, 0, 0),
(1269742, 'BYT Island', 0, 0, 0, 0, 0, 0, 0, 0),
(1269742, 'BYT Snow', 0, 0, 0, 0, 0, 0, 0, 0),
(1275070, 'BYT Island', 0, 0, 0, 0, 0, 0, 0, 0),
(1275070, 'BYT Snow', 0, 0, 0, 0, 0, 0, 0, 0),
(1282828, 'BYT Desert', 0, 0, 0, 0, 0, 0, 0, 0),
(1282828, 'BYT Forest', 0, 0, 0, 0, 0, 0, 0, 0),
(1282828, 'BYT Island', 0, 0, 0, 0, 0, 0, 0, 0),
(1288381, 'BYT Desert', 0, 0, 0, 0, 0, 0, 0, 0),
(1288381, 'BYT Forest', 0, 0, 0, 0, 0, 0, 0, 0),
(1288381, 'BYT Island', 0, 0, 0, 0, 0, 0, 0, 0),
(1288381, 'BYT Stadium', 0, 0, 0, 0, 0, 0, 0, 0),
(1327587, 'BYT Desert', 0, 0, 0, 0, 0, 0, 0, 0),
(1327587, 'BYT Forest', 0, 0, 0, 0, 0, 0, 0, 0),
(1347805, 'BYT City', 0, 0, 0, 0, 0, 0, 0, 0),
(1347805, 'BYT Desert', 0, 0, 0, 0, 0, 0, 0, 0),
(1347805, 'BYT Island', 0, 0, 0, 0, 0, 0, 0, 0),
(1379228, 'BYT Desert', 0, 0, 0, 0, 0, 0, 0, 0),
(1379228, 'BYT Forest', 0, 0, 0, 0, 0, 0, 0, 0),
(1379228, 'BYT Island', 0, 0, 0, 0, 0, 0, 0, 0),
(1462072, 'BYT Desert', 0, 0, 0, 0, 0, 0, 0, 0),
(1462072, 'BYT Island', 0, 0, 0, 0, 0, 0, 0, 0),
(1472629, 'BYT Desert', 0, 0, 0, 0, 0, 0, 0, 0),
(1472629, 'BYT Forest', 0, 0, 0, 0, 0, 0, 0, 0),
(1472629, 'BYT Island', 0, 0, 0, 0, 0, 0, 0, 0),
(1472629, 'BYT Snow', 0, 0, 0, 0, 0, 0, 0, 0),
(1474293, 'BYT Desert', 0, 0, 0, 0, 0, 0, 0, 0),
(1474293, 'BYT Forest', 0, 0, 0, 0, 0, 0, 0, 0),
(1474293, 'BYT Island', 0, 0, 0, 0, 0, 0, 0, 0),
(1474293, 'BYT Stadium', 0, 0, 0, 0, 0, 0, 0, 0),
(1474976, 'BYT Desert', 0, 0, 0, 0, 0, 0, 0, 0),
(1474976, 'BYT Island', 0, 0, 0, 0, 0, 0, 0, 0),
(1509611, 'BYT Island', 0, 0, 0, 0, 0, 0, 0, 0),
(1509611, 'BYT Snow', 0, 0, 0, 0, 0, 0, 0, 0),
(1509611, 'BYT Stadium', 0, 0, 0, 0, 0, 0, 0, 0),
(1513490, 'BYT Desert', 0, 0, 0, 0, 0, 0, 0, 0),
(1513490, 'BYT Island', 0, 0, 0, 0, 0, 0, 0, 0),
(1513490, 'BYT Snow', 0, 0, 0, 0, 0, 0, 0, 0),
(1520575, 'BYT Island', 0, 0, 0, 0, 0, 0, 0, 0),
(1520575, 'BYT Snow', 0, 0, 0, 0, 0, 0, 0, 0),
(1520575, 'BYT Stadium', 0, 0, 0, 0, 0, 0, 0, 0),
(1525793, 'BYT Desert', 0, 0, 0, 0, 0, 0, 0, 0),
(1525793, 'BYT Forest', 0, 0, 0, 0, 0, 0, 0, 0),
(1525793, 'BYT Island', 0, 0, 0, 0, 0, 0, 0, 0),
(1529359, 'BYT Desert', 0, 0, 0, 0, 0, 0, 0, 0),
(1529359, 'BYT Forest', 0, 0, 0, 0, 0, 0, 0, 0),
(1529359, 'BYT Island', 0, 0, 0, 0, 0, 0, 0, 0),
(1544447, 'BYT Desert', 0, 0, 0, 0, 0, 0, 0, 0),
(1544447, 'BYT Forest', 0, 0, 0, 0, 0, 0, 0, 0),
(1544447, 'BYT Island', 0, 0, 0, 0, 0, 0, 0, 0),
(1554632, 'BYT Desert', 0, 0, 0, 0, 0, 0, 0, 0),
(1554632, 'BYT Forest', 0, 0, 0, 0, 0, 0, 0, 0),
(1554632, 'BYT Snow', 0, 0, 0, 0, 0, 0, 0, 0),
(1554812, 'BYT Island', 0, 0, 0, 0, 0, 0, 0, 0),
(1554812, 'BYT Snow', 0, 0, 0, 0, 0, 0, 0, 0),
(1554812, 'BYT Stadium', 0, 0, 0, 0, 0, 0, 0, 0),
(1556384, 'BYT Desert', 0, 0, 0, 0, 0, 0, 0, 0),
(1556384, 'BYT Forest', 0, 0, 0, 0, 0, 0, 0, 0),
(1556384, 'BYT Island', 0, 0, 0, 0, 0, 0, 0, 0),
(1556384, 'BYT Snow', 0, 0, 0, 0, 0, 0, 0, 0),
(1577597, 'BYT Desert', 0, 0, 0, 0, 0, 0, 0, 0),
(1577597, 'BYT Forest', 0, 0, 0, 0, 0, 0, 0, 0),
(1637460, 'BYT Desert', 0, 0, 0, 0, 0, 0, 0, 0),
(1637460, 'BYT Forest', 0, 0, 0, 0, 0, 0, 0, 0),
(1637460, 'BYT Island', 0, 0, 0, 0, 0, 0, 0, 0),
(1637460, 'BYT Snow', 0, 0, 0, 0, 0, 0, 0, 0),
(1637460, 'BYT Stadium', 0, 0, 0, 0, 0, 0, 0, 0),
(1677879, 'BYT City', 0, 0, 0, 0, 0, 0, 0, 0),
(1677879, 'BYT Desert', 0, 0, 0, 0, 0, 0, 0, 0),
(1677879, 'BYT Forest', 0, 0, 0, 0, 0, 0, 0, 0),
(1677879, 'BYT Island', 0, 0, 0, 0, 0, 0, 0, 0),
(1677879, 'BYT Stadium', 0, 0, 0, 0, 0, 0, 0, 0),
(1681176, 'BYT Desert', 0, 0, 0, 0, 0, 0, 0, 0),
(1681176, 'BYT Island', 0, 0, 0, 0, 0, 0, 0, 0),
(1688497, 'BYT Desert', 0, 0, 0, 0, 0, 0, 0, 0),
(1688497, 'BYT Forest', 0, 0, 0, 0, 0, 0, 0, 0),
(1688497, 'BYT Snow', 0, 0, 0, 0, 0, 0, 0, 0),
(1691357, 'BYT Desert', 0, 0, 0, 0, 0, 0, 0, 0),
(1691357, 'BYT Forest', 0, 0, 0, 0, 0, 0, 0, 0),
(1691357, 'BYT Island', 0, 0, 0, 0, 0, 0, 0, 0),
(1691357, 'BYT Stadium', 0, 0, 0, 0, 0, 0, 0, 0),
(1696213, 'BYT Desert', 0, 0, 0, 0, 0, 0, 0, 0),
(1696213, 'BYT Snow', 0, 0, 0, 0, 0, 0, 0, 0),
(1696213, 'BYT Stadium', 0, 0, 0, 0, 0, 0, 0, 0),
(1719999, 'BYT City', 0, 0, 0, 0, 0, 0, 0, 0),
(1719999, 'BYT Desert', 0, 0, 0, 0, 0, 0, 0, 0),
(1719999, 'BYT Forest', 0, 0, 0, 0, 0, 0, 0, 0),
(1719999, 'BYT Island', 0, 0, 0, 0, 0, 0, 0, 0),
(1722460, 'BYT City', 0, 0, 0, 0, 0, 0, 0, 0),
(1722460, 'BYT Island', 0, 0, 0, 0, 0, 0, 0, 0),
(1737433, 'BYT Desert', 0, 0, 0, 0, 0, 0, 0, 0),
(1737433, 'BYT Forest', 0, 0, 0, 0, 0, 0, 0, 0),
(1737433, 'BYT Island', 0, 0, 0, 0, 0, 0, 0, 0),
(1738245, 'BYT Island', 0, 0, 0, 0, 0, 0, 0, 0),
(1738245, 'BYT Snow', 0, 0, 0, 0, 0, 0, 0, 0),
(1738245, 'BYT Stadium', 0, 0, 0, 0, 0, 0, 0, 0),
(1757644, 'BYT Desert', 0, 0, 0, 0, 0, 0, 0, 0),
(1757644, 'BYT Forest', 0, 0, 0, 0, 0, 0, 0, 0),
(1757644, 'BYT Island', 0, 0, 0, 0, 0, 0, 0, 0),
(1757644, 'BYT Snow', 0, 0, 0, 0, 0, 0, 0, 0),
(1757644, 'BYT Stadium', 0, 0, 0, 0, 0, 0, 0, 0),
(1770537, 'BYT Desert', 0, 0, 0, 0, 0, 0, 0, 0),
(1770537, 'BYT Forest', 0, 0, 0, 0, 0, 0, 0, 0),
(1770537, 'BYT Island', 0, 0, 0, 0, 0, 0, 0, 0),
(1770537, 'BYT Snow', 0, 0, 0, 0, 0, 0, 0, 0),
(1770537, 'BYT Stadium', 0, 0, 0, 0, 0, 0, 0, 0),
(1783914, 'BYT City', 0, 0, 0, 0, 0, 0, 0, 0),
(1783914, 'BYT Desert', 0, 0, 0, 0, 0, 0, 0, 0),
(1783914, 'BYT Forest', 0, 0, 0, 0, 0, 0, 0, 0),
(1783914, 'BYT Island', 0, 0, 0, 0, 0, 0, 0, 0),
(1786021, 'BYT Desert', 0, 0, 0, 0, 0, 0, 0, 0),
(1786021, 'BYT Island', 0, 0, 0, 0, 0, 0, 0, 0),
(1803585, 'BYT City', 0, 0, 0, 0, 0, 0, 0, 0),
(1803585, 'BYT Desert', 0, 0, 0, 0, 0, 0, 0, 0),
(1803585, 'BYT Forest', 0, 0, 0, 0, 0, 0, 0, 0),
(1803585, 'BYT Island', 0, 0, 0, 0, 0, 0, 0, 0),
(1807303, 'BYT Desert', 0, 0, 0, 0, 0, 0, 0, 0),
(1807303, 'BYT Snow', 0, 0, 0, 0, 0, 0, 0, 0),
(1807303, 'BYT Stadium', 0, 0, 0, 0, 0, 0, 0, 0),
(1814235, 'BYT Desert', 0, 0, 0, 0, 0, 0, 0, 0),
(1814235, 'BYT Forest', 0, 0, 0, 0, 0, 0, 0, 0),
(1814235, 'BYT Island', 0, 0, 0, 0, 0, 0, 0, 0),
(1832685, 'BYT City', 0, 0, 0, 0, 0, 0, 0, 0),
(1832685, 'BYT Desert', 0, 0, 0, 0, 0, 0, 0, 0),
(1832685, 'BYT Forest', 0, 0, 0, 0, 0, 0, 0, 0),
(1832685, 'BYT Island', 0, 0, 0, 0, 0, 0, 0, 0),
(1835039, 'BYT City', 0, 0, 0, 0, 0, 0, 0, 0),
(1835039, 'BYT Desert', 0, 0, 0, 0, 0, 0, 0, 0),
(1835039, 'BYT Forest', 0, 0, 0, 0, 0, 0, 0, 0),
(1835039, 'BYT Island', 0, 0, 0, 0, 0, 0, 0, 0),
(1835039, 'BYT Stadium', 0, 0, 0, 0, 0, 0, 0, 0),
(1858904, 'BYT Desert', 0, 0, 0, 0, 0, 0, 0, 0),
(1858904, 'BYT Island', 0, 0, 0, 0, 0, 0, 0, 0),
(1858904, 'BYT Snow', 0, 0, 0, 0, 0, 0, 0, 0),
(1871942, 'BYT Desert', 0, 0, 0, 0, 0, 0, 0, 0),
(1871942, 'BYT Forest', 0, 0, 0, 0, 0, 0, 0, 0),
(1871942, 'BYT Island', 0, 0, 0, 0, 0, 0, 0, 0),
(1897225, 'BYT Desert', 0, 0, 0, 0, 0, 0, 0, 0),
(1897225, 'BYT Forest', 0, 0, 0, 0, 0, 0, 0, 0),
(1897225, 'BYT Snow', 0, 0, 0, 0, 0, 0, 0, 0),
(1916824, 'BYT Desert', 0, 0, 0, 0, 0, 0, 0, 0),
(1916824, 'BYT Snow', 0, 0, 0, 0, 0, 0, 0, 0),
(1923074, 'BYT Desert', 0, 0, 0, 0, 0, 0, 0, 0),
(1923074, 'BYT Snow', 0, 0, 0, 0, 0, 0, 0, 0),
(1928138, 'BYT City', 0, 0, 0, 0, 0, 0, 0, 0),
(1928138, 'BYT Desert', 0, 0, 0, 0, 0, 0, 0, 0),
(1928138, 'BYT Forest', 0, 0, 0, 0, 0, 0, 0, 0),
(1928138, 'BYT Island', 0, 0, 0, 0, 0, 0, 0, 0),
(1928138, 'BYT Stadium', 0, 0, 0, 0, 0, 0, 0, 0),
(1934984, 'BYT Desert', 0, 0, 0, 0, 0, 0, 0, 0),
(1951282, 'BYT Island', 0, 0, 0, 0, 0, 0, 0, 0),
(1951282, 'BYT Snow', 0, 0, 0, 0, 0, 0, 0, 0),
(1951282, 'BYT Stadium', 0, 0, 0, 0, 0, 0, 0, 0),
(1978524, 'BYT Desert', 0, 0, 0, 0, 0, 0, 0, 0),
(1978524, 'BYT Island', 0, 0, 0, 0, 0, 0, 0, 0),
(1978524, 'BYT Snow', 0, 0, 0, 0, 0, 0, 0, 0),
(1984814, 'BYT Desert', 0, 0, 0, 0, 0, 0, 0, 0),
(1984814, 'BYT Forest', 0, 0, 0, 0, 0, 0, 0, 0),
(1984814, 'BYT Snow', 0, 0, 0, 0, 0, 0, 0, 0),
(2003478, 'BYT Desert', 0, 0, 0, 0, 0, 0, 0, 0),
(2003478, 'BYT Island', 0, 0, 0, 0, 0, 0, 0, 0),
(2086845, 'BYT City', 0, 0, 0, 0, 0, 0, 0, 0),
(2086845, 'BYT Desert', 0, 0, 0, 0, 0, 0, 0, 0),
(2086845, 'BYT Forest', 0, 0, 0, 0, 0, 0, 0, 0),
(2086845, 'BYT Island', 0, 0, 0, 0, 0, 0, 0, 0),
(2101026, 'BYT Desert', 0, 0, 0, 0, 0, 0, 0, 0),
(2101026, 'BYT Island', 0, 0, 0, 0, 0, 0, 0, 0),
(2101026, 'BYT Snow', 0, 0, 0, 0, 0, 0, 0, 0),
(2116360, 'BYT Desert', 0, 0, 0, 0, 0, 0, 0, 0),
(2116360, 'BYT Forest', 0, 0, 0, 0, 0, 0, 0, 0),
(2122505, 'BYT Desert', 0, 0, 0, 0, 0, 0, 0, 0),
(2122505, 'BYT Island', 0, 0, 0, 0, 0, 0, 0, 0),
(2122536, 'BYT Desert', 0, 0, 0, 0, 0, 0, 0, 0),
(2122536, 'BYT Snow', 0, 0, 0, 0, 0, 0, 0, 0),
(2122536, 'BYT Stadium', 0, 0, 0, 0, 0, 0, 0, 0),
(2135034, 'BYT Desert', 0, 0, 0, 0, 0, 0, 0, 0),
(2135034, 'BYT Island', 0, 0, 0, 0, 0, 0, 0, 0),
(2189042, 'BYT Desert', 0, 0, 0, 0, 0, 0, 0, 0),
(2189042, 'BYT Forest', 0, 0, 0, 0, 0, 0, 0, 0),
(2189042, 'BYT Island', 0, 0, 0, 0, 0, 0, 0, 0),
(2189042, 'BYT Snow', 0, 0, 0, 0, 0, 0, 0, 0),
(2189042, 'BYT Stadium', 0, 0, 0, 0, 0, 0, 0, 0),
(2191845, 'BYT Desert', 0, 0, 0, 0, 0, 0, 0, 0),
(2191845, 'BYT Island', 0, 0, 0, 0, 0, 0, 0, 0),
(2191845, 'BYT Snow', 0, 0, 0, 0, 0, 0, 0, 0),
(2226106, 'BYT City', 0, 0, 0, 0, 0, 0, 0, 0),
(2226106, 'BYT Desert', 0, 0, 0, 0, 0, 0, 0, 0),
(2226106, 'BYT Forest', 0, 0, 0, 0, 0, 0, 0, 0),
(2226106, 'BYT Island', 0, 0, 0, 0, 0, 0, 0, 0),
(2231675, 'BYT Desert', 0, 0, 0, 0, 0, 0, 0, 0),
(2231675, 'BYT Forest', 0, 0, 0, 0, 0, 0, 0, 0),
(2234378, 'BYT Desert', 0, 0, 0, 0, 0, 0, 0, 0),
(2234378, 'BYT Forest', 0, 0, 0, 0, 0, 0, 0, 0),
(2234378, 'BYT Island', 0, 0, 0, 0, 0, 0, 0, 0),
(2259696, 'BYT Desert', 0, 0, 0, 0, 0, 0, 0, 0),
(2259696, 'BYT Forest', 0, 0, 0, 0, 0, 0, 0, 0),
(2259696, 'BYT Snow', 0, 0, 0, 0, 0, 0, 0, 0),
(2279038, 'BYT Desert', 0, 0, 0, 0, 0, 0, 0, 0),
(2279038, 'BYT Forest', 0, 0, 0, 0, 0, 0, 0, 0),
(2279038, 'BYT Snow', 0, 0, 0, 0, 0, 0, 0, 0),
(2289178, 'BYT Desert', 0, 0, 0, 0, 0, 0, 0, 0),
(2300331, 'BYT Desert', 0, 0, 0, 0, 0, 0, 0, 0),
(2300331, 'BYT Forest', 0, 0, 0, 0, 0, 0, 0, 0),
(2315243, 'BYT Desert', 0, 0, 0, 0, 0, 0, 0, 0),
(2315243, 'BYT Island', 0, 0, 0, 0, 0, 0, 0, 0),
(2315243, 'BYT Snow', 0, 0, 0, 0, 0, 0, 0, 0),
(2315243, 'BYT Stadium', 0, 0, 0, 0, 0, 0, 0, 0),
(2320522, 'BYT Island', 0, 0, 0, 0, 0, 0, 0, 0),
(2320522, 'BYT Snow', 0, 0, 0, 0, 0, 0, 0, 0),
(2320522, 'BYT Stadium', 0, 0, 0, 0, 0, 0, 0, 0),
(2392773, 'BYT City', 0, 0, 0, 0, 0, 0, 0, 0),
(2392773, 'BYT Desert', 0, 0, 0, 0, 0, 0, 0, 0),
(2392773, 'BYT Island', 0, 0, 0, 0, 0, 0, 0, 0),
(2412281, 'BYT Desert', 0, 0, 0, 0, 0, 0, 0, 0),
(2412281, 'BYT Island', 0, 0, 0, 0, 0, 0, 0, 0),
(2491664, 'BYT Island', 0, 0, 0, 0, 0, 0, 0, 0),
(2491664, 'BYT Snow', 0, 0, 0, 0, 0, 0, 0, 0),
(2491664, 'BYT Stadium', 0, 0, 0, 0, 0, 0, 0, 0),
(2498648, 'BYT Desert', 0, 0, 0, 0, 0, 0, 0, 0),
(2498648, 'BYT Forest', 0, 0, 0, 0, 0, 0, 0, 0),
(2508655, 'BYT Desert', 0, 0, 0, 0, 0, 0, 0, 0),
(2508655, 'BYT Forest', 0, 0, 0, 0, 0, 0, 0, 0),
(2508655, 'BYT Snow', 0, 0, 0, 0, 0, 0, 0, 0),
(2509869, 'BYT Desert', 0, 0, 0, 0, 0, 0, 0, 0),
(2511723, 'BYT Desert', 0, 0, 0, 0, 0, 0, 0, 0),
(2511723, 'BYT Island', 0, 0, 0, 0, 0, 0, 0, 0),
(2511723, 'BYT Snow', 0, 0, 0, 0, 0, 0, 0, 0),
(2517368, 'BYT Desert', 0, 0, 0, 0, 0, 0, 0, 0),
(2517368, 'BYT Forest', 0, 0, 0, 0, 0, 0, 0, 0),
(2525779, 'BYT Desert', 0, 0, 0, 0, 0, 0, 0, 0),
(2525779, 'BYT Forest', 0, 0, 0, 0, 0, 0, 0, 0),
(2525807, 'BYT Desert', 0, 0, 0, 0, 0, 0, 0, 0),
(2525807, 'BYT Island', 0, 0, 0, 0, 0, 0, 0, 0),
(2527500, 'BYT Desert', 0, 0, 0, 0, 0, 0, 0, 0),
(2527500, 'BYT Island', 0, 0, 0, 0, 0, 0, 0, 0),
(2527500, 'BYT Snow', 0, 0, 0, 0, 0, 0, 0, 0),
(2532448, 'BYT Desert', 0, 0, 0, 0, 0, 0, 0, 0),
(2532448, 'BYT Snow', 0, 0, 0, 0, 0, 0, 0, 0),
(2550011, 'BYT Desert', 0, 0, 0, 0, 0, 0, 0, 0),
(2550011, 'BYT Forest', 0, 0, 0, 0, 0, 0, 0, 0),
(2560206, 'BYT Island', 0, 0, 0, 0, 0, 0, 0, 0),
(2560206, 'BYT Snow', 0, 0, 0, 0, 0, 0, 0, 0),
(2560206, 'BYT Stadium', 0, 0, 0, 0, 0, 0, 0, 0);

-- --------------------------------------------------------

--
-- Table structure for table `matchweeks`
--

CREATE TABLE `matchweeks` (
  `matchweek_id` int(11) NOT NULL,
  `name` varchar(255) NOT NULL,
  `start_date` timestamp NOT NULL,
  `end_date` timestamp NOT NULL,
  `is_active` tinyint(1) NOT NULL DEFAULT 0,
  `snapshot_data` longtext DEFAULT NULL,
  `map_snapshot_data` longtext DEFAULT NULL
) ENGINE=InnoDB DEFAULT CHARSET=utf8mb4 COLLATE=utf8mb4_unicode_ci;

--
-- Dumping data for table `matchweeks`
--

INSERT INTO `matchweeks` (`matchweek_id`, `name`, `start_date`, `end_date`, `is_active`, `snapshot_data`, `map_snapshot_data`) VALUES
(1, 'Matchweek 1', '2025-10-05 17:49:08', '2025-10-05 17:49:08', 0, NULL, NULL),
(2, 'Matchweek 2', '2025-09-14 18:57:57', '2025-09-14 18:57:57', 0, NULL, NULL),
(3, 'Matchweek 3', '2025-10-05 17:48:59', '2025-10-05 17:48:59', 1, NULL, NULL);

-- --------------------------------------------------------

--
-- Table structure for table `matchweek_map_snapshots`
--

CREATE TABLE `matchweek_map_snapshots` (
  `snapshot_id` int(11) NOT NULL,
  `matchweek_id` int(11) NOT NULL,
  `guid` int(10) UNSIGNED NOT NULL,
  `map_name` varchar(255) NOT NULL,
  `kills` int(10) UNSIGNED DEFAULT 0,
  `deaths` int(10) UNSIGNED DEFAULT 0,
  `damage_dealt` int(10) UNSIGNED DEFAULT 0,
  `damage_taken` int(10) UNSIGNED DEFAULT 0,
  `assists` int(10) UNSIGNED DEFAULT 0,
  `rounds_played` int(10) UNSIGNED DEFAULT 0,
  `first_picks` int(10) UNSIGNED DEFAULT 0,
  `first_deaths` int(10) UNSIGNED DEFAULT 0,
  `created_at` timestamp NULL DEFAULT current_timestamp()
) ENGINE=InnoDB DEFAULT CHARSET=utf8mb4 COLLATE=utf8mb4_unicode_ci;

--
-- Dumping data for table `matchweek_map_snapshots`
--

INSERT INTO `matchweek_map_snapshots` (`snapshot_id`, `matchweek_id`, `guid`, `map_name`, `kills`, `deaths`, `damage_dealt`, `damage_taken`, `assists`, `rounds_played`, `first_picks`, `first_deaths`, `created_at`) VALUES
(118, 1, 395813, 'BYT Desert', 0, 0, 0, 0, 0, 0, 0, 0, '2025-09-10 19:39:35'),
(119, 1, 395813, 'BYT Island', 0, 0, 0, 0, 0, 0, 0, 0, '2025-09-10 19:39:35'),
(120, 1, 449912, 'BYT Desert', 0, 0, 0, 0, 0, 0, 0, 0, '2025-09-10 19:39:35'),
(121, 1, 449912, 'BYT Island', 0, 0, 0, 0, 0, 0, 0, 0, '2025-09-10 19:39:35'),
(122, 1, 499882, 'BYT Desert', 0, 0, 0, 0, 0, 0, 0, 0, '2025-09-10 19:39:35'),
(123, 1, 499882, 'BYT Island', 0, 0, 0, 0, 0, 0, 0, 0, '2025-09-10 19:39:35'),
(124, 1, 838879, 'BYT Desert', 0, 0, 0, 0, 0, 0, 0, 0, '2025-09-10 19:39:35'),
(125, 1, 838879, 'BYT Island', 0, 0, 0, 0, 0, 0, 0, 0, '2025-09-10 19:39:35'),
(126, 1, 1282828, 'BYT Desert', 0, 0, 0, 0, 0, 0, 0, 0, '2025-09-10 19:39:35'),
(127, 1, 1282828, 'BYT Island', 0, 0, 0, 0, 0, 0, 0, 0, '2025-09-10 19:39:35'),
(128, 1, 1462072, 'BYT Desert', 0, 0, 0, 0, 0, 0, 0, 0, '2025-09-10 19:39:35'),
(129, 1, 1474976, 'BYT Desert', 0, 0, 0, 0, 0, 0, 0, 0, '2025-09-10 19:39:35'),
(130, 1, 1474976, 'BYT Island', 0, 0, 0, 0, 0, 0, 0, 0, '2025-09-10 19:39:35'),
(131, 1, 1783914, 'BYT Desert', 0, 0, 0, 0, 0, 0, 0, 0, '2025-09-10 19:39:35'),
(132, 1, 1783914, 'BYT Island', 0, 0, 0, 0, 0, 0, 0, 0, '2025-09-10 19:39:35'),
(133, 1, 1786021, 'BYT Desert', 0, 0, 0, 0, 0, 0, 0, 0, '2025-09-10 19:39:35'),
(134, 1, 1786021, 'BYT Island', 0, 0, 0, 0, 0, 0, 0, 0, '2025-09-10 19:39:35'),
(135, 1, 1803585, 'BYT Desert', 0, 0, 0, 0, 0, 0, 0, 0, '2025-09-10 19:39:35'),
(136, 1, 1803585, 'BYT Island', 0, 0, 0, 0, 0, 0, 0, 0, '2025-09-10 19:39:35'),
(137, 1, 2003478, 'BYT Desert', 0, 0, 0, 0, 0, 0, 0, 0, '2025-09-10 19:39:35'),
(138, 1, 2003478, 'BYT Island', 0, 0, 0, 0, 0, 0, 0, 0, '2025-09-10 19:39:35'),
(139, 1, 2135034, 'BYT Desert', 0, 0, 0, 0, 0, 0, 0, 0, '2025-09-10 19:39:35'),
(140, 1, 2135034, 'BYT Island', 0, 0, 0, 0, 0, 0, 0, 0, '2025-09-10 19:39:35'),
(168, 1, 452214, 'BYT Desert', 0, 0, 0, 0, 0, 0, 0, 0, '2025-09-11 20:05:49'),
(169, 1, 452214, 'BYT Stadium', 0, 0, 0, 0, 0, 0, 0, 0, '2025-09-11 20:05:49'),
(174, 1, 952369, 'BYT Desert', 0, 0, 0, 0, 0, 0, 0, 0, '2025-09-11 20:05:49'),
(175, 1, 952369, 'BYT Stadium', 0, 0, 0, 0, 0, 0, 0, 0, '2025-09-11 20:05:49'),
(176, 1, 1216145, 'BYT Stadium', 0, 0, 0, 0, 0, 0, 0, 0, '2025-09-11 20:05:49'),
(182, 1, 1637460, 'BYT Desert', 0, 0, 0, 0, 0, 0, 0, 0, '2025-09-11 20:05:49'),
(183, 1, 1637460, 'BYT Stadium', 0, 0, 0, 0, 0, 0, 0, 0, '2025-09-11 20:05:49'),
(184, 1, 1696213, 'BYT Desert', 0, 0, 0, 0, 0, 0, 0, 0, '2025-09-11 20:05:49'),
(185, 1, 1696213, 'BYT Stadium', 0, 0, 0, 0, 0, 0, 0, 0, '2025-09-11 20:05:49'),
(186, 1, 1757644, 'BYT Desert', 0, 0, 0, 0, 0, 0, 0, 0, '2025-09-11 20:05:49'),
(187, 1, 1757644, 'BYT Stadium', 0, 0, 0, 0, 0, 0, 0, 0, '2025-09-11 20:05:49'),
(188, 1, 1770537, 'BYT Desert', 0, 0, 0, 0, 0, 0, 0, 0, '2025-09-11 20:05:49'),
(189, 1, 1770537, 'BYT Stadium', 0, 0, 0, 0, 0, 0, 0, 0, '2025-09-11 20:05:49'),
(196, 1, 1807303, 'BYT Desert', 0, 0, 0, 0, 0, 0, 0, 0, '2025-09-11 20:05:49'),
(197, 1, 1807303, 'BYT Stadium', 0, 0, 0, 0, 0, 0, 0, 0, '2025-09-11 20:05:49'),
(198, 1, 1934984, 'BYT Desert', 0, 0, 0, 0, 0, 0, 0, 0, '2025-09-11 20:05:49'),
(201, 1, 2122536, 'BYT Desert', 0, 0, 0, 0, 0, 0, 0, 0, '2025-09-11 20:05:49'),
(204, 1, 2189042, 'BYT Desert', 0, 0, 0, 0, 0, 0, 0, 0, '2025-09-11 20:05:49'),
(205, 1, 2189042, 'BYT Stadium', 0, 0, 0, 0, 0, 0, 0, 0, '2025-09-11 20:05:49'),
(206, 1, 2315243, 'BYT Desert', 0, 0, 0, 0, 0, 0, 0, 0, '2025-09-11 20:05:49'),
(207, 1, 2560206, 'BYT Stadium', 0, 0, 0, 0, 0, 0, 0, 0, '2025-09-11 20:05:49'),
(254, 1, 415702, 'BYT Island', 0, 0, 0, 0, 0, 0, 0, 0, '2025-09-14 10:00:40'),
(255, 1, 415702, 'BYT Snow', 0, 0, 0, 0, 0, 0, 0, 0, '2025-09-14 10:00:40'),
(260, 1, 461759, 'BYT Island', 0, 0, 0, 0, 0, 0, 0, 0, '2025-09-14 10:00:40'),
(261, 1, 461759, 'BYT Snow', 0, 0, 0, 0, 0, 0, 0, 0, '2025-09-14 10:00:40'),
(264, 1, 500306, 'BYT Island', 0, 0, 0, 0, 0, 0, 0, 0, '2025-09-14 10:00:40'),
(265, 1, 500306, 'BYT Snow', 0, 0, 0, 0, 0, 0, 0, 0, '2025-09-14 10:00:40'),
(266, 1, 793812, 'BYT Island', 0, 0, 0, 0, 0, 0, 0, 0, '2025-09-14 10:00:40'),
(267, 1, 793812, 'BYT Snow', 0, 0, 0, 0, 0, 0, 0, 0, '2025-09-14 10:00:40'),
(270, 1, 902557, 'BYT Island', 0, 0, 0, 0, 0, 0, 0, 0, '2025-09-14 10:00:40'),
(271, 1, 902557, 'BYT Snow', 0, 0, 0, 0, 0, 0, 0, 0, '2025-09-14 10:00:40'),
(272, 1, 951862, 'BYT Island', 0, 0, 0, 0, 0, 0, 0, 0, '2025-09-14 10:00:40'),
(273, 1, 951862, 'BYT Snow', 0, 0, 0, 0, 0, 0, 0, 0, '2025-09-14 10:00:40'),
(277, 1, 1232708, 'BYT Snow', 0, 0, 0, 0, 0, 0, 0, 0, '2025-09-14 10:00:40'),
(283, 1, 1509611, 'BYT Island', 0, 0, 0, 0, 0, 0, 0, 0, '2025-09-14 10:00:40'),
(284, 1, 1509611, 'BYT Snow', 0, 0, 0, 0, 0, 0, 0, 0, '2025-09-14 10:00:40'),
(285, 1, 1554812, 'BYT Island', 0, 0, 0, 0, 0, 0, 0, 0, '2025-09-14 10:00:40'),
(286, 1, 1554812, 'BYT Snow', 0, 0, 0, 0, 0, 0, 0, 0, '2025-09-14 10:00:40'),
(291, 1, 1738245, 'BYT Island', 0, 0, 0, 0, 0, 0, 0, 0, '2025-09-14 10:00:40'),
(292, 1, 1738245, 'BYT Snow', 0, 0, 0, 0, 0, 0, 0, 0, '2025-09-14 10:00:40'),
(314, 1, 2320522, 'BYT Island', 0, 0, 0, 0, 0, 0, 0, 0, '2025-09-14 10:00:40'),
(315, 1, 2320522, 'BYT Snow', 0, 0, 0, 0, 0, 0, 0, 0, '2025-09-14 10:00:40'),
(316, 1, 2491664, 'BYT Island', 0, 0, 0, 0, 0, 0, 0, 0, '2025-09-14 10:00:40'),
(317, 1, 2491664, 'BYT Snow', 0, 0, 0, 0, 0, 0, 0, 0, '2025-09-14 10:00:40'),
(453, 2, 395813, 'BYT Desert', 12, 5, 1124, 469, 1, 14, 2, 3, '2025-09-14 19:31:26'),
(454, 2, 395813, 'BYT Island', 9, 8, 697, 867, 2, 14, 4, 1, '2025-09-14 19:31:26'),
(455, 2, 415702, 'BYT Island', 10, 11, 894, 958, 6, 18, 1, 1, '2025-09-14 19:31:26'),
(456, 2, 415702, 'BYT Snow', 0, 0, 0, 0, 0, 0, 0, 0, '2025-09-14 19:31:26'),
(457, 2, 449912, 'BYT Desert', 15, 6, 1206, 555, 3, 14, 2, 0, '2025-09-14 19:31:26'),
(458, 2, 449912, 'BYT Island', 7, 8, 646, 708, 3, 14, 1, 2, '2025-09-14 19:31:26'),
(459, 2, 452214, 'BYT Desert', 0, 0, 0, 0, 0, 0, 0, 0, '2025-09-14 19:31:26'),
(460, 2, 452214, 'BYT Stadium', 0, 0, 0, 0, 0, 0, 0, 0, '2025-09-14 19:31:26'),
(461, 2, 461759, 'BYT Island', 0, 0, 0, 0, 0, 0, 0, 0, '2025-09-14 19:31:26'),
(462, 2, 461759, 'BYT Snow', 0, 0, 0, 0, 0, 0, 0, 0, '2025-09-14 19:31:26'),
(463, 2, 499882, 'BYT Desert', 0, 0, 0, 0, 0, 0, 0, 0, '2025-09-14 19:31:26'),
(464, 2, 499882, 'BYT Island', 0, 0, 0, 0, 0, 0, 0, 0, '2025-09-14 19:31:26'),
(465, 2, 500306, 'BYT Island', 14, 12, 1346, 1015, 5, 18, 2, 2, '2025-09-14 19:31:26'),
(466, 2, 500306, 'BYT Snow', 0, 0, 0, 0, 0, 0, 0, 0, '2025-09-14 19:31:26'),
(467, 2, 793812, 'BYT Island', 0, 0, 0, 0, 0, 0, 0, 0, '2025-09-14 19:31:26'),
(468, 2, 793812, 'BYT Snow', 0, 0, 0, 0, 0, 0, 0, 0, '2025-09-14 19:31:26'),
(469, 2, 838879, 'BYT Desert', 0, 0, 0, 0, 0, 0, 0, 0, '2025-09-14 19:31:26'),
(470, 2, 838879, 'BYT Island', 0, 0, 0, 0, 0, 0, 0, 0, '2025-09-14 19:31:26'),
(471, 2, 902557, 'BYT Island', 10, 12, 745, 1019, 2, 18, 0, 2, '2025-09-14 19:31:26'),
(472, 2, 902557, 'BYT Snow', 0, 0, 0, 0, 0, 0, 0, 0, '2025-09-14 19:31:26'),
(473, 2, 951862, 'BYT Island', 0, 2, 0, 207, 0, 2, 0, 0, '2025-09-14 19:31:26'),
(474, 2, 951862, 'BYT Snow', 5, 5, 435, 428, 1, 7, 0, 2, '2025-09-14 19:31:26'),
(475, 2, 952369, 'BYT Desert', 0, 0, 0, 0, 0, 0, 0, 0, '2025-09-14 19:31:26'),
(476, 2, 952369, 'BYT Stadium', 0, 0, 0, 0, 0, 0, 0, 0, '2025-09-14 19:31:26'),
(477, 2, 1160798, 'BYT Desert', 18, 4, 1552, 492, 6, 14, 4, 0, '2025-09-14 19:31:26'),
(478, 2, 1160798, 'BYT Snow', 2, 2, 205, 229, 1, 6, 0, 0, '2025-09-14 19:31:26'),
(479, 2, 1216145, 'BYT Stadium', 0, 0, 0, 0, 0, 0, 0, 0, '2025-09-14 19:31:26'),
(480, 2, 1232708, 'BYT Snow', 0, 0, 0, 0, 0, 0, 0, 0, '2025-09-14 19:31:26'),
(481, 2, 1282828, 'BYT Desert', 0, 0, 0, 0, 0, 0, 0, 0, '2025-09-14 19:31:26'),
(482, 2, 1282828, 'BYT Island', 0, 0, 0, 0, 0, 0, 0, 0, '2025-09-14 19:31:26'),
(483, 2, 1462072, 'BYT Desert', 0, 0, 0, 0, 0, 0, 0, 0, '2025-09-14 19:31:26'),
(484, 2, 1474976, 'BYT Desert', 0, 0, 0, 0, 0, 0, 0, 0, '2025-09-14 19:31:26'),
(485, 2, 1474976, 'BYT Island', 0, 0, 0, 0, 0, 0, 0, 0, '2025-09-14 19:31:26'),
(486, 2, 1509611, 'BYT Island', 10, 7, 797, 610, 10, 15, 0, 2, '2025-09-14 19:31:26'),
(487, 2, 1509611, 'BYT Snow', 5, 4, 514, 350, 2, 7, 0, 0, '2025-09-14 19:31:26'),
(488, 2, 1554812, 'BYT Island', 0, 2, 0, 191, 0, 2, 0, 0, '2025-09-14 19:31:26'),
(489, 2, 1554812, 'BYT Snow', 9, 4, 926, 369, 3, 8, 0, 0, '2025-09-14 19:31:26'),
(490, 2, 1637460, 'BYT Desert', 11, 12, 965, 1041, 1, 17, 0, 1, '2025-09-14 19:31:26'),
(491, 2, 1637460, 'BYT Stadium', 0, 0, 0, 0, 0, 0, 0, 0, '2025-09-14 19:31:26'),
(492, 2, 1696213, 'BYT Desert', 0, 0, 0, 0, 0, 0, 0, 0, '2025-09-14 19:31:26'),
(493, 2, 1696213, 'BYT Stadium', 0, 0, 0, 0, 0, 0, 0, 0, '2025-09-14 19:31:26'),
(494, 2, 1738245, 'BYT Island', 10, 4, 1035, 322, 3, 12, 3, 0, '2025-09-14 19:31:26'),
(495, 2, 1738245, 'BYT Snow', 7, 2, 847, 241, 5, 6, 1, 0, '2025-09-14 19:31:26'),
(496, 2, 1757644, 'BYT Desert', 9, 11, 662, 1108, 3, 16, 1, 2, '2025-09-14 19:31:26'),
(497, 2, 1757644, 'BYT Stadium', 0, 0, 0, 0, 0, 0, 0, 0, '2025-09-14 19:31:26'),
(498, 2, 1770537, 'BYT Desert', 10, 11, 1005, 873, 3, 17, 0, 0, '2025-09-14 19:31:26'),
(499, 2, 1770537, 'BYT Stadium', 0, 0, 0, 0, 0, 0, 0, 0, '2025-09-14 19:31:26'),
(500, 2, 1783914, 'BYT Desert', 0, 0, 0, 0, 0, 0, 0, 0, '2025-09-14 19:31:26'),
(501, 2, 1783914, 'BYT Island', 0, 0, 0, 0, 0, 0, 0, 0, '2025-09-14 19:31:26'),
(502, 2, 1786021, 'BYT Desert', 14, 6, 1323, 617, 4, 14, 2, 0, '2025-09-14 19:31:26'),
(503, 2, 1786021, 'BYT Island', 14, 8, 1128, 665, 2, 14, 1, 1, '2025-09-14 19:31:26'),
(504, 2, 1803585, 'BYT Desert', 0, 0, 0, 0, 0, 0, 0, 0, '2025-09-14 19:31:26'),
(505, 2, 1803585, 'BYT Island', 0, 0, 0, 0, 0, 0, 0, 0, '2025-09-14 19:31:26'),
(506, 2, 1807303, 'BYT Desert', 0, 0, 0, 0, 0, 0, 0, 0, '2025-09-14 19:31:26'),
(507, 2, 1807303, 'BYT Stadium', 0, 0, 0, 0, 0, 0, 0, 0, '2025-09-14 19:31:26'),
(508, 2, 1897225, 'BYT Desert', 15, 7, 1236, 621, 4, 14, 3, 1, '2025-09-14 19:31:26'),
(509, 2, 1897225, 'BYT Snow', 19, 3, 1797, 366, 7, 14, 5, 1, '2025-09-14 19:31:26'),
(510, 2, 1923074, 'BYT Desert', 7, 4, 527, 364, 1, 11, 1, 1, '2025-09-14 19:31:26'),
(511, 2, 1923074, 'BYT Snow', 14, 6, 1362, 532, 6, 14, 2, 0, '2025-09-14 19:31:26'),
(512, 2, 1934984, 'BYT Desert', 0, 0, 0, 0, 0, 0, 0, 0, '2025-09-14 19:31:26'),
(513, 2, 2003478, 'BYT Desert', 6, 9, 424, 861, 1, 14, 1, 2, '2025-09-14 19:31:26'),
(514, 2, 2003478, 'BYT Island', 7, 7, 636, 633, 2, 15, 1, 1, '2025-09-14 19:31:26'),
(515, 2, 2101026, 'BYT Desert', 13, 10, 1266, 911, 1, 14, 2, 1, '2025-09-14 19:31:26'),
(516, 2, 2101026, 'BYT Snow', 8, 11, 760, 1061, 3, 14, 0, 1, '2025-09-14 19:31:26'),
(517, 2, 2122536, 'BYT Desert', 0, 0, 0, 0, 0, 0, 0, 0, '2025-09-14 19:31:26'),
(518, 2, 2135034, 'BYT Desert', 0, 0, 0, 0, 0, 0, 0, 0, '2025-09-14 19:31:26'),
(519, 2, 2135034, 'BYT Island', 0, 0, 0, 0, 0, 0, 0, 0, '2025-09-14 19:31:26'),
(520, 2, 2189042, 'BYT Desert', 7, 12, 763, 1073, 4, 16, 2, 4, '2025-09-14 19:31:26'),
(521, 2, 2189042, 'BYT Stadium', 0, 0, 0, 0, 0, 0, 0, 0, '2025-09-14 19:31:26'),
(522, 2, 2191845, 'BYT Desert', 8, 11, 782, 954, 1, 14, 1, 1, '2025-09-14 19:31:26'),
(523, 2, 2191845, 'BYT Snow', 8, 12, 822, 1095, 3, 14, 0, 4, '2025-09-14 19:31:26'),
(524, 2, 2259696, 'BYT Desert', 2, 5, 157, 583, 3, 14, 0, 0, '2025-09-14 19:31:26'),
(525, 2, 2259696, 'BYT Snow', 6, 6, 554, 645, 1, 14, 0, 1, '2025-09-14 19:31:26'),
(526, 2, 2279038, 'BYT Desert', 12, 6, 1051, 556, 4, 14, 1, 1, '2025-09-14 19:31:26'),
(527, 2, 2279038, 'BYT Snow', 12, 7, 999, 683, 5, 14, 2, 0, '2025-09-14 19:31:26'),
(528, 2, 2315243, 'BYT Desert', 0, 0, 0, 0, 0, 0, 0, 0, '2025-09-14 19:31:26'),
(529, 2, 2320522, 'BYT Island', 6, 8, 447, 822, 0, 13, 0, 0, '2025-09-14 19:31:26'),
(530, 2, 2320522, 'BYT Snow', 3, 6, 209, 455, 2, 12, 0, 2, '2025-09-14 19:31:26'),
(531, 2, 2491664, 'BYT Island', 0, 1, 0, 104, 0, 1, 0, 1, '2025-09-14 19:31:26'),
(532, 2, 2491664, 'BYT Snow', 4, 4, 305, 348, 0, 5, 1, 1, '2025-09-14 19:31:26'),
(533, 2, 2508655, 'BYT Desert', 1, 3, 63, 218, 0, 3, 1, 0, '2025-09-14 19:31:26'),
(534, 2, 2508655, 'BYT Snow', 7, 5, 550, 335, 2, 12, 1, 1, '2025-09-14 19:31:26'),
(535, 2, 2509869, 'BYT Desert', 0, 0, 0, 0, 0, 1, 0, 0, '2025-09-14 19:31:26'),
(536, 2, 2511723, 'BYT Desert', 2, 11, 227, 906, 2, 14, 0, 1, '2025-09-14 19:31:26'),
(537, 2, 2511723, 'BYT Snow', 3, 11, 391, 926, 3, 14, 0, 2, '2025-09-14 19:31:26'),
(538, 2, 2527500, 'BYT Desert', 3, 11, 306, 902, 0, 14, 0, 1, '2025-09-14 19:31:26'),
(539, 2, 2527500, 'BYT Snow', 7, 13, 631, 1216, 2, 14, 2, 1, '2025-09-14 19:31:26'),
(540, 2, 2532448, 'BYT Desert', 3, 12, 253, 913, 2, 15, 0, 6, '2025-09-14 19:31:26'),
(541, 2, 2532448, 'BYT Snow', 3, 13, 186, 1169, 1, 14, 1, 2, '2025-09-14 19:31:26'),
(542, 2, 2560206, 'BYT Stadium', 0, 0, 0, 0, 0, 0, 0, 0, '2025-09-14 19:31:26'),
(543, 1, 9531, 'BYT Desert', 5, 10, 485, 773, 2, 12, 2, 1, '2025-09-14 20:34:32'),
(544, 1, 9531, 'BYT Island', 7, 12, 676, 1144, 2, 17, 2, 3, '2025-09-14 20:34:32'),
(545, 1, 9531, 'BYT Snow', 12, 14, 1022, 1193, 2, 18, 4, 0, '2025-09-14 20:34:32'),
(546, 1, 10681, 'BYT Island', 5, 6, 338, 491, 2, 11, 1, 2, '2025-09-14 20:34:32'),
(547, 1, 10681, 'BYT Snow', 1, 1, 71, 74, 0, 1, 0, 0, '2025-09-14 20:34:32'),
(548, 1, 278973, 'BYT Snow', 10, 6, 923, 555, 3, 12, 0, 3, '2025-09-14 20:34:32'),
(549, 1, 290348, 'BYT Desert', 7, 11, 677, 1105, 3, 12, 1, 0, '2025-09-14 20:34:32'),
(550, 1, 290348, 'BYT Island', 15, 12, 1292, 1065, 2, 17, 1, 0, '2025-09-14 20:34:32'),
(551, 1, 290348, 'BYT Snow', 14, 10, 1379, 914, 8, 18, 2, 5, '2025-09-14 20:34:32'),
(552, 1, 335479, 'BYT Desert', 1, 11, 173, 1113, 5, 14, 0, 2, '2025-09-14 20:34:32'),
(553, 1, 335479, 'BYT Snow', 3, 10, 328, 762, 0, 10, 0, 2, '2025-09-14 20:34:32'),
(554, 1, 349853, 'BYT Desert', 14, 11, 1127, 919, 1, 14, 3, 0, '2025-09-14 20:34:32'),
(555, 1, 349853, 'BYT Snow', 12, 9, 1072, 726, 3, 12, 4, 2, '2025-09-14 20:34:32'),
(556, 1, 351969, 'BYT Desert', 10, 6, 680, 600, 1, 12, 2, 0, '2025-09-14 20:34:32'),
(557, 1, 351969, 'BYT Island', 11, 8, 1035, 901, 3, 17, 3, 1, '2025-09-14 20:34:32'),
(558, 1, 351969, 'BYT Snow', 9, 11, 882, 889, 2, 18, 2, 0, '2025-09-14 20:34:32'),
(559, 1, 372274, 'BYT Desert', 13, 6, 1118, 530, 2, 14, 0, 1, '2025-09-14 20:34:32'),
(560, 1, 372274, 'BYT Snow', 5, 4, 381, 435, 4, 12, 1, 0, '2025-09-14 20:34:32'),
(571, 1, 488794, 'BYT Desert', 8, 5, 745, 491, 2, 11, 0, 1, '2025-09-14 20:34:32'),
(572, 1, 488794, 'BYT Island', 15, 10, 1352, 924, 5, 17, 1, 1, '2025-09-14 20:34:32'),
(573, 1, 488794, 'BYT Snow', 8, 13, 758, 1085, 2, 18, 0, 3, '2025-09-14 20:34:32'),
(578, 1, 651079, 'BYT Desert', 1, 2, 118, 130, 0, 2, 0, 0, '2025-09-14 20:34:32'),
(579, 1, 651079, 'BYT Island', 1, 5, 241, 527, 1, 6, 0, 1, '2025-09-14 20:34:32'),
(580, 1, 792123, 'BYT Desert', 5, 10, 424, 772, 2, 12, 0, 1, '2025-09-14 20:34:32'),
(581, 1, 792123, 'BYT Island', 10, 12, 893, 983, 3, 17, 0, 2, '2025-09-14 20:34:32'),
(582, 1, 792123, 'BYT Snow', 8, 13, 656, 1148, 0, 18, 1, 0, '2025-09-14 20:34:32'),
(587, 1, 840822, 'BYT Desert', 4, 10, 310, 850, 1, 12, 0, 4, '2025-09-14 20:34:32'),
(588, 1, 840822, 'BYT Snow', 12, 8, 1170, 784, 5, 17, 0, 0, '2025-09-14 20:34:32'),
(589, 1, 863865, 'BYT Island', 3, 2, 221, 121, 1, 3, 0, 0, '2025-09-14 20:34:32'),
(592, 1, 927368, 'BYT Desert', 10, 6, 913, 464, 3, 12, 5, 0, '2025-09-14 20:34:32'),
(593, 1, 927368, 'BYT Island', 7, 8, 872, 643, 7, 14, 0, 2, '2025-09-14 20:34:32'),
(594, 1, 927368, 'BYT Snow', 15, 12, 1393, 1005, 7, 18, 4, 1, '2025-09-14 20:34:32'),
(599, 1, 1123134, 'BYT Desert', 7, 8, 609, 708, 5, 14, 1, 1, '2025-09-14 20:34:32'),
(600, 1, 1123134, 'BYT Snow', 17, 6, 1328, 608, 2, 12, 6, 1, '2025-09-14 20:34:32'),
(601, 1, 1146243, 'BYT Desert', 9, 10, 777, 1027, 1, 14, 1, 3, '2025-09-14 20:34:32'),
(602, 1, 1146243, 'BYT Snow', 3, 10, 330, 966, 1, 12, 0, 3, '2025-09-14 20:34:32'),
(603, 1, 1160798, 'BYT Desert', 0, 0, 0, 0, 0, 0, 0, 0, '2025-09-14 20:34:32'),
(604, 1, 1160798, 'BYT Snow', 0, 0, 0, 0, 0, 0, 0, 0, '2025-09-14 20:34:32'),
(607, 1, 1269742, 'BYT Desert', 11, 8, 1036, 634, 4, 14, 2, 1, '2025-09-14 20:34:32'),
(611, 1, 1472629, 'BYT Desert', 8, 5, 760, 508, 3, 12, 1, 0, '2025-09-14 20:34:32'),
(612, 1, 1472629, 'BYT Island', 12, 9, 956, 748, 5, 17, 1, 3, '2025-09-14 20:34:32'),
(613, 1, 1472629, 'BYT Snow', 16, 11, 1199, 1071, 1, 18, 1, 3, '2025-09-14 20:34:32'),
(618, 1, 1513490, 'BYT Desert', 13, 5, 1286, 498, 6, 14, 2, 1, '2025-09-14 20:34:32'),
(619, 1, 1513490, 'BYT Snow', 10, 7, 818, 710, 2, 12, 1, 1, '2025-09-14 20:34:32'),
(620, 1, 1554632, 'BYT Snow', 0, 2, 11, 174, 0, 3, 0, 0, '2025-09-14 20:34:32'),
(623, 1, 1556384, 'BYT Desert', 15, 2, 1231, 169, 4, 11, 1, 2, '2025-09-14 20:34:32'),
(624, 1, 1556384, 'BYT Island', 11, 10, 784, 947, 3, 17, 4, 1, '2025-09-14 20:34:32'),
(625, 1, 1556384, 'BYT Snow', 7, 13, 620, 1295, 5, 18, 3, 1, '2025-09-14 20:34:32'),
(628, 1, 1688497, 'BYT Desert', 4, 11, 395, 1030, 1, 14, 1, 1, '2025-09-14 20:34:32'),
(629, 1, 1688497, 'BYT Snow', 6, 11, 597, 939, 0, 12, 1, 1, '2025-09-14 20:34:32'),
(646, 1, 1858904, 'BYT Desert', 2, 8, 218, 699, 1, 10, 0, 3, '2025-09-14 20:34:32'),
(647, 1, 1858904, 'BYT Island', 9, 12, 844, 1010, 7, 17, 4, 1, '2025-09-14 20:34:32'),
(648, 1, 1858904, 'BYT Snow', 13, 9, 1047, 739, 1, 18, 1, 5, '2025-09-14 20:34:32'),
(649, 1, 1897225, 'BYT Desert', 0, 0, 0, 0, 0, 0, 0, 0, '2025-09-14 20:34:32'),
(650, 1, 1897225, 'BYT Snow', 0, 0, 0, 0, 0, 0, 0, 0, '2025-09-14 20:34:32'),
(651, 1, 1916824, 'BYT Desert', 7, 8, 671, 677, 3, 14, 1, 3, '2025-09-14 20:34:32'),
(652, 1, 1916824, 'BYT Snow', 3, 11, 416, 901, 2, 12, 0, 0, '2025-09-14 20:34:32'),
(653, 1, 1923074, 'BYT Desert', 0, 0, 0, 0, 0, 0, 0, 0, '2025-09-14 20:34:32'),
(654, 1, 1923074, 'BYT Snow', 0, 0, 0, 0, 0, 0, 0, 0, '2025-09-14 20:34:32'),
(656, 1, 1978524, 'BYT Desert', 7, 8, 717, 773, 2, 14, 4, 2, '2025-09-14 20:34:32'),
(657, 1, 1978524, 'BYT Snow', 11, 4, 1018, 446, 3, 12, 0, 0, '2025-09-14 20:34:32'),
(660, 1, 2101026, 'BYT Desert', 0, 0, 0, 0, 0, 0, 0, 0, '2025-09-14 20:34:32'),
(661, 1, 2101026, 'BYT Snow', 0, 0, 0, 0, 0, 0, 0, 0, '2025-09-14 20:34:32'),
(667, 1, 2191845, 'BYT Desert', 0, 0, 0, 0, 0, 0, 0, 0, '2025-09-14 20:34:32'),
(668, 1, 2191845, 'BYT Snow', 0, 0, 0, 0, 0, 0, 0, 0, '2025-09-14 20:34:32'),
(669, 1, 2259696, 'BYT Desert', 0, 0, 0, 0, 0, 0, 0, 0, '2025-09-14 20:34:32'),
(670, 1, 2259696, 'BYT Snow', 0, 0, 0, 0, 0, 0, 0, 0, '2025-09-14 20:34:32'),
(671, 1, 2279038, 'BYT Desert', 0, 0, 0, 0, 0, 0, 0, 0, '2025-09-14 20:34:32'),
(672, 1, 2279038, 'BYT Snow', 0, 0, 0, 0, 0, 0, 0, 0, '2025-09-14 20:34:32'),
(678, 1, 2508655, 'BYT Desert', 0, 0, 0, 0, 0, 0, 0, 0, '2025-09-14 20:34:32'),
(679, 1, 2508655, 'BYT Snow', 0, 0, 0, 0, 0, 0, 0, 0, '2025-09-14 20:34:32'),
(680, 1, 2509869, 'BYT Desert', 0, 0, 0, 0, 0, 0, 0, 0, '2025-09-14 20:34:32'),
(681, 1, 2511723, 'BYT Desert', 0, 0, 0, 0, 0, 0, 0, 0, '2025-09-14 20:34:32'),
(682, 1, 2511723, 'BYT Snow', 0, 0, 0, 0, 0, 0, 0, 0, '2025-09-14 20:34:32'),
(683, 1, 2527500, 'BYT Desert', 0, 0, 0, 0, 0, 0, 0, 0, '2025-09-14 20:34:32'),
(684, 1, 2527500, 'BYT Snow', 0, 0, 0, 0, 0, 0, 0, 0, '2025-09-14 20:34:32'),
(685, 1, 2532448, 'BYT Desert', 0, 0, 0, 0, 0, 0, 0, 0, '2025-09-14 20:34:32'),
(686, 1, 2532448, 'BYT Snow', 0, 0, 0, 0, 0, 0, 0, 0, '2025-09-14 20:34:32'),
(833, 2, 9531, 'BYT Desert', 12, 12, 1112, 1304, 2, 17, 1, 0, '2025-09-14 21:44:11'),
(834, 2, 9531, 'BYT Island', 0, 0, 0, 0, 0, 0, 0, 0, '2025-09-14 21:44:11'),
(835, 2, 9531, 'BYT Snow', 11, 12, 1147, 967, 7, 17, 1, 3, '2025-09-14 21:44:11'),
(836, 2, 10681, 'BYT Island', 0, 0, 0, 0, 0, 0, 0, 0, '2025-09-14 21:44:11'),
(837, 2, 10681, 'BYT Snow', 0, 0, 0, 0, 0, 0, 0, 0, '2025-09-14 21:44:11'),
(838, 2, 278973, 'BYT Snow', 13, 12, 1171, 1028, 6, 17, 3, 1, '2025-09-14 21:44:11'),
(839, 2, 290348, 'BYT Desert', 15, 10, 1214, 807, 4, 17, 2, 1, '2025-09-14 21:44:11'),
(840, 2, 290348, 'BYT Island', 0, 0, 0, 0, 0, 0, 0, 0, '2025-09-14 21:44:11'),
(841, 2, 290348, 'BYT Snow', 15, 10, 1324, 924, 3, 17, 3, 1, '2025-09-14 21:44:11'),
(842, 2, 335479, 'BYT Desert', 5, 11, 569, 920, 2, 14, 2, 0, '2025-09-14 21:44:11'),
(843, 2, 335479, 'BYT Snow', 12, 9, 999, 793, 6, 19, 0, 3, '2025-09-14 21:44:11'),
(844, 2, 349853, 'BYT Desert', 8, 10, 841, 810, 4, 14, 2, 2, '2025-09-14 21:44:11'),
(845, 2, 349853, 'BYT Snow', 12, 12, 1094, 1101, 3, 19, 3, 2, '2025-09-14 21:44:11'),
(846, 2, 351969, 'BYT Desert', 13, 6, 1227, 482, 2, 14, 0, 1, '2025-09-14 21:44:11'),
(847, 2, 351969, 'BYT Island', 0, 0, 0, 0, 0, 0, 0, 0, '2025-09-14 21:44:11'),
(848, 2, 351969, 'BYT Snow', 11, 12, 864, 988, 2, 19, 1, 3, '2025-09-14 21:44:11'),
(849, 2, 372274, 'BYT Desert', 11, 10, 1011, 725, 3, 17, 1, 1, '2025-09-14 21:44:11'),
(850, 2, 372274, 'BYT Snow', 3, 10, 266, 815, 2, 17, 1, 2, '2025-09-14 21:44:11'),
(861, 2, 488794, 'BYT Desert', 10, 5, 912, 517, 4, 14, 1, 1, '2025-09-14 21:44:11'),
(862, 2, 488794, 'BYT Island', 0, 0, 0, 0, 0, 0, 0, 0, '2025-09-14 21:44:11'),
(863, 2, 488794, 'BYT Snow', 7, 11, 720, 945, 5, 19, 2, 1, '2025-09-14 21:44:11'),
(868, 2, 651079, 'BYT Desert', 5, 11, 502, 883, 3, 17, 1, 1, '2025-09-14 21:44:11'),
(869, 2, 651079, 'BYT Island', 0, 0, 0, 0, 0, 0, 0, 0, '2025-09-14 21:44:11'),
(870, 2, 792123, 'BYT Desert', 0, 0, 0, 0, 0, 0, 0, 0, '2025-09-14 21:44:11'),
(871, 2, 792123, 'BYT Island', 0, 0, 0, 0, 0, 0, 0, 0, '2025-09-14 21:44:11'),
(872, 2, 792123, 'BYT Snow', 0, 0, 0, 0, 0, 0, 0, 0, '2025-09-14 21:44:11'),
(877, 2, 840822, 'BYT Desert', 6, 14, 631, 1115, 1, 17, 0, 6, '2025-09-14 21:44:11'),
(878, 2, 840822, 'BYT Snow', 6, 12, 605, 1006, 2, 17, 1, 2, '2025-09-14 21:44:11'),
(879, 2, 863865, 'BYT Island', 0, 0, 0, 0, 0, 0, 0, 0, '2025-09-14 21:44:11'),
(882, 2, 927368, 'BYT Desert', 0, 0, 0, 0, 0, 0, 0, 0, '2025-09-14 21:44:11'),
(883, 2, 927368, 'BYT Island', 0, 0, 0, 0, 0, 0, 0, 0, '2025-09-14 21:44:11'),
(884, 2, 927368, 'BYT Snow', 0, 0, 0, 0, 0, 0, 0, 0, '2025-09-14 21:44:11'),
(889, 2, 1123134, 'BYT Desert', 12, 10, 928, 886, 1, 17, 2, 1, '2025-09-14 21:44:11'),
(890, 2, 1123134, 'BYT Snow', 14, 9, 1104, 896, 5, 17, 2, 1, '2025-09-14 21:44:11'),
(891, 2, 1146243, 'BYT Desert', 0, 0, 0, 0, 0, 0, 0, 0, '2025-09-14 21:44:11'),
(892, 2, 1146243, 'BYT Snow', 0, 0, 0, 0, 0, 0, 0, 0, '2025-09-14 21:44:11'),
(897, 2, 1269742, 'BYT Desert', 8, 12, 746, 1073, 3, 17, 1, 2, '2025-09-14 21:44:11'),
(901, 2, 1472629, 'BYT Desert', 10, 7, 1030, 727, 5, 14, 0, 0, '2025-09-14 21:44:11'),
(902, 2, 1472629, 'BYT Island', 0, 0, 0, 0, 0, 0, 0, 0, '2025-09-14 21:44:11'),
(903, 2, 1472629, 'BYT Snow', 19, 10, 1818, 975, 5, 19, 3, 1, '2025-09-14 21:44:11'),
(908, 2, 1513490, 'BYT Desert', 13, 10, 1216, 960, 4, 17, 5, 0, '2025-09-14 21:44:11'),
(909, 2, 1513490, 'BYT Snow', 17, 8, 1328, 886, 1, 17, 3, 1, '2025-09-14 21:44:11'),
(910, 2, 1554632, 'BYT Snow', 0, 0, 0, 0, 0, 0, 0, 0, '2025-09-14 21:44:11'),
(913, 2, 1556384, 'BYT Desert', 15, 7, 1095, 685, 4, 14, 2, 2, '2025-09-14 21:44:11'),
(914, 2, 1556384, 'BYT Island', 0, 0, 0, 0, 0, 0, 0, 0, '2025-09-14 21:44:11'),
(915, 2, 1556384, 'BYT Snow', 14, 13, 1276, 965, 5, 19, 2, 0, '2025-09-14 21:44:11'),
(918, 2, 1688497, 'BYT Desert', 7, 11, 676, 1005, 4, 14, 4, 1, '2025-09-14 21:44:11'),
(919, 2, 1688497, 'BYT Snow', 16, 15, 1159, 1317, 3, 19, 1, 1, '2025-09-14 21:44:11'),
(936, 2, 1858904, 'BYT Desert', 14, 11, 1226, 1021, 5, 17, 2, 3, '2025-09-14 21:44:11'),
(937, 2, 1858904, 'BYT Island', 0, 0, 0, 0, 0, 0, 0, 0, '2025-09-14 21:44:11'),
(938, 2, 1858904, 'BYT Snow', 10, 13, 802, 1084, 6, 17, 2, 1, '2025-09-14 21:44:11'),
(941, 2, 1916824, 'BYT Desert', 0, 0, 0, 0, 0, 0, 0, 0, '2025-09-14 21:44:11'),
(942, 2, 1916824, 'BYT Snow', 0, 0, 0, 0, 0, 0, 0, 0, '2025-09-14 21:44:11'),
(946, 2, 1978524, 'BYT Desert', 0, 0, 0, 0, 0, 0, 0, 0, '2025-09-14 21:44:11'),
(947, 2, 1978524, 'BYT Snow', 0, 0, 0, 0, 0, 0, 0, 0, '2025-09-14 21:44:11'),
(983, 1, 62821, 'BYT Desert', 10, 12, 875, 1018, 4, 15, 2, 3, '2025-09-16 09:47:25'),
(984, 1, 62821, 'BYT Forest', 2, 11, 223, 848, 0, 11, 1, 6, '2025-09-16 09:47:25'),
(985, 1, 62821, 'BYT Island', 15, 6, 1295, 460, 5, 14, 4, 1, '2025-09-16 09:47:25'),
(1016, 1, 636812, 'BYT Desert', 11, 7, 965, 704, 4, 15, 1, 0, '2025-09-16 09:47:25'),
(1017, 1, 636812, 'BYT Forest', 12, 5, 917, 372, 2, 11, 1, 0, '2025-09-16 09:47:25'),
(1018, 1, 636812, 'BYT Island', 4, 11, 508, 995, 1, 14, 0, 3, '2025-09-16 09:47:25'),
(1040, 1, 1123124, 'BYT Desert', 11, 8, 1025, 653, 7, 15, 2, 2, '2025-09-16 09:47:25'),
(1041, 1, 1123124, 'BYT Forest', 9, 3, 736, 314, 5, 11, 2, 1, '2025-09-16 09:47:25'),
(1042, 1, 1123124, 'BYT Island', 6, 13, 542, 1311, 3, 14, 0, 3, '2025-09-16 09:47:25'),
(1047, 1, 1159195, 'BYT Desert', 6, 12, 444, 1041, 1, 15, 0, 3, '2025-09-16 09:47:25'),
(1048, 1, 1159195, 'BYT Forest', 1, 7, 234, 525, 2, 8, 0, 0, '2025-09-16 09:47:25'),
(1049, 1, 1159195, 'BYT Island', 11, 8, 1149, 632, 6, 14, 2, 0, '2025-09-16 09:47:25'),
(1053, 1, 1223304, 'BYT Desert', 8, 12, 713, 1017, 3, 14, 2, 2, '2025-09-16 09:47:25'),
(1054, 1, 1223304, 'BYT Forest', 4, 11, 394, 767, 2, 11, 1, 2, '2025-09-16 09:47:25'),
(1055, 1, 1223304, 'BYT Island', 12, 7, 1272, 724, 6, 14, 3, 0, '2025-09-16 09:47:25'),
(1060, 1, 1379228, 'BYT Desert', 8, 9, 945, 705, 4, 11, 2, 2, '2025-09-16 09:47:25'),
(1071, 1, 1525793, 'BYT Desert', 16, 7, 1175, 780, 1, 15, 2, 1, '2025-09-16 09:47:25'),
(1072, 1, 1525793, 'BYT Forest', 9, 7, 884, 723, 8, 11, 1, 1, '2025-09-16 09:47:25'),
(1073, 1, 1525793, 'BYT Island', 8, 11, 674, 1110, 4, 14, 1, 1, '2025-09-16 09:47:25'),
(1074, 1, 1529359, 'BYT Desert', 4, 2, 291, 134, 1, 5, 1, 1, '2025-09-16 09:47:25'),
(1075, 1, 1529359, 'BYT Forest', 13, 4, 1083, 371, 5, 11, 1, 1, '2025-09-16 09:47:25'),
(1076, 1, 1529359, 'BYT Island', 7, 10, 598, 893, 2, 14, 1, 4, '2025-09-16 09:47:25'),
(1089, 1, 1737433, 'BYT Desert', 11, 7, 861, 515, 1, 15, 1, 0, '2025-09-16 09:47:25'),
(1090, 1, 1737433, 'BYT Forest', 11, 5, 837, 408, 2, 11, 4, 0, '2025-09-16 09:47:25'),
(1091, 1, 1737433, 'BYT Island', 10, 9, 868, 822, 3, 14, 0, 1, '2025-09-16 09:47:25'),
(1106, 1, 1832685, 'BYT Desert', 12, 10, 1098, 905, 0, 15, 1, 1, '2025-09-16 09:47:25'),
(1107, 1, 1832685, 'BYT Forest', 8, 11, 709, 988, 1, 11, 0, 1, '2025-09-16 09:47:25'),
(1108, 1, 1832685, 'BYT Island', 13, 7, 1023, 739, 2, 14, 2, 0, '2025-09-16 09:47:25'),
(1132, 1, 2226106, 'BYT Forest', 7, 11, 480, 1052, 0, 11, 1, 0, '2025-09-16 09:47:25'),
(1133, 1, 2226106, 'BYT Island', 3, 7, 392, 635, 6, 14, 1, 1, '2025-09-16 09:47:25'),
(1134, 1, 2231675, 'BYT Desert', 4, 13, 361, 1154, 2, 15, 1, 0, '2025-09-16 09:47:25'),
(1135, 1, 2231675, 'BYT Forest', 2, 3, 148, 277, 0, 5, 0, 0, '2025-09-16 09:47:25'),
(1143, 1, 2412281, 'BYT Desert', 0, 2, 0, 127, 0, 1, 0, 0, '2025-09-16 09:47:25'),
(1168, 1, 301721, 'BYT Desert', 5, 9, 466, 674, 0, 15, 1, 3, '2025-09-16 22:30:37'),
(1169, 1, 301721, 'BYT Island', 9, 11, 832, 987, 3, 18, 2, 1, '2025-09-16 22:30:37'),
(1170, 1, 301721, 'BYT Stadium', 8, 11, 805, 868, 5, 18, 1, 3, '2025-09-16 22:30:37'),
(1180, 1, 375537, 'BYT Desert', 11, 12, 896, 1238, 4, 15, 0, 2, '2025-09-16 22:30:37'),
(1181, 1, 375537, 'BYT Island', 12, 13, 1162, 1029, 3, 18, 1, 4, '2025-09-16 22:30:37'),
(1182, 1, 375537, 'BYT Stadium', 18, 13, 1430, 1065, 2, 18, 3, 3, '2025-09-16 22:30:37'),
(1205, 1, 788804, 'BYT Desert', 13, 9, 960, 776, 2, 15, 3, 1, '2025-09-16 22:30:37'),
(1206, 1, 788804, 'BYT Island', 16, 10, 1482, 873, 2, 18, 2, 2, '2025-09-16 22:30:37'),
(1207, 1, 788804, 'BYT Stadium', 8, 15, 844, 1331, 4, 18, 2, 2, '2025-09-16 22:30:37'),
(1227, 1, 956996, 'BYT Desert', 5, 4, 385, 344, 1, 6, 2, 0, '2025-09-16 22:30:37'),
(1228, 1, 956996, 'BYT Island', 1, 4, 122, 360, 1, 5, 0, 1, '2025-09-16 22:30:37'),
(1229, 1, 994995, 'BYT Desert', 0, 5, 57, 454, 0, 5, 0, 1, '2025-09-16 22:30:37'),
(1230, 1, 994995, 'BYT Island', 4, 2, 229, 172, 0, 3, 0, 0, '2025-09-16 22:30:37'),
(1231, 1, 994995, 'BYT Stadium', 11, 11, 1037, 1086, 1, 18, 2, 2, '2025-09-16 22:30:37'),
(1244, 1, 1194981, 'BYT Stadium', 5, 5, 396, 349, 0, 8, 2, 2, '2025-09-16 22:30:37'),
(1245, 1, 1211057, 'BYT Desert', 0, 1, 35, 74, 1, 1, 0, 0, '2025-09-16 22:30:37'),
(1246, 1, 1211057, 'BYT Island', 2, 3, 132, 309, 1, 5, 0, 0, '2025-09-16 22:30:37'),
(1247, 1, 1211057, 'BYT Stadium', 9, 7, 752, 643, 3, 14, 2, 0, '2025-09-16 22:30:37'),
(1256, 1, 1288381, 'BYT Desert', 15, 6, 1310, 530, 6, 15, 1, 1, '2025-09-16 22:30:37'),
(1257, 1, 1288381, 'BYT Island', 16, 10, 1327, 988, 5, 18, 2, 2, '2025-09-16 22:30:37'),
(1258, 1, 1288381, 'BYT Stadium', 10, 5, 791, 484, 0, 11, 1, 0, '2025-09-16 22:30:37'),
(1264, 1, 1474293, 'BYT Desert', 13, 8, 1170, 737, 2, 15, 2, 0, '2025-09-16 22:30:37'),
(1265, 1, 1474293, 'BYT Island', 11, 13, 868, 1080, 4, 18, 2, 1, '2025-09-16 22:30:37'),
(1266, 1, 1474293, 'BYT Stadium', 12, 12, 1407, 1315, 4, 18, 2, 1, '2025-09-16 22:30:37'),
(1287, 1, 1677879, 'BYT Desert', 0, 3, 0, 341, 0, 3, 0, 2, '2025-09-16 22:30:37'),
(1288, 1, 1677879, 'BYT Island', 7, 11, 633, 858, 1, 13, 1, 3, '2025-09-16 22:30:37'),
(1289, 1, 1677879, 'BYT Stadium', 10, 10, 1105, 1080, 5, 18, 1, 2, '2025-09-16 22:30:37'),
(1292, 1, 1691357, 'BYT Desert', 11, 6, 1177, 518, 7, 15, 3, 0, '2025-09-16 22:30:37'),
(1293, 1, 1691357, 'BYT Island', 14, 11, 1305, 942, 6, 18, 3, 0, '2025-09-16 22:30:37'),
(1294, 1, 1691357, 'BYT Stadium', 9, 13, 870, 1150, 3, 18, 1, 1, '2025-09-16 22:30:37'),
(1317, 1, 1835039, 'BYT Desert', 7, 10, 594, 899, 3, 15, 0, 1, '2025-09-16 22:30:37'),
(1318, 1, 1835039, 'BYT Island', 13, 13, 1111, 1215, 6, 18, 1, 2, '2025-09-16 22:30:37'),
(1319, 1, 1835039, 'BYT Stadium', 1, 2, 138, 171, 2, 4, 0, 0, '2025-09-16 22:30:37'),
(1329, 1, 1928138, 'BYT Desert', 9, 11, 693, 843, 4, 15, 2, 2, '2025-09-16 22:30:37'),
(1330, 1, 1928138, 'BYT Island', 12, 13, 1072, 1173, 5, 18, 2, 1, '2025-09-16 22:30:37'),
(1331, 1, 1928138, 'BYT Stadium', 12, 9, 1035, 1068, 5, 18, 1, 2, '2025-09-16 22:30:37'),
(1339, 1, 2122505, 'BYT Desert', 6, 11, 575, 890, 2, 15, 1, 2, '2025-09-16 22:30:37'),
(1340, 1, 2122505, 'BYT Island', 4, 7, 409, 698, 0, 11, 1, 0, '2025-09-16 22:30:37'),
(1377, 2, 62821, 'BYT Desert', 17, 8, 1517, 618, 4, 17, 3, 3, '2025-09-21 21:10:17'),
(1378, 2, 62821, 'BYT Forest', 0, 0, 0, 0, 0, 0, 0, 0, '2025-09-21 21:10:17'),
(1379, 2, 62821, 'BYT Island', 10, 13, 816, 1180, 2, 17, 2, 3, '2025-09-21 21:10:17'),
(1384, 2, 301721, 'BYT Desert', 7, 12, 668, 978, 0, 141, 0, 2, '2025-09-21 21:10:17'),
(1385, 2, 301721, 'BYT Island', 4, 11, 348, 953, 1, 14, 1, 1, '2025-09-21 21:10:17'),
(1386, 2, 301721, 'BYT Stadium', 0, 0, 0, 0, 0, 0, 0, 0, '2025-09-21 21:10:17'),
(1396, 2, 375537, 'BYT Desert', 0, 0, 0, 0, 0, 0, 0, 0, '2025-09-21 21:10:17'),
(1397, 2, 375537, 'BYT Island', 0, 0, 0, 0, 0, 0, 0, 0, '2025-09-21 21:10:17'),
(1398, 2, 375537, 'BYT Stadium', 0, 0, 0, 0, 0, 0, 0, 0, '2025-09-21 21:10:17'),
(1401, 2, 415702, 'BYT Desert', 10, 11, 889, 945, 2, 18, 3, 0, '2025-09-21 21:10:17'),
(1402, 2, 415702, 'BYT Forest', 7, 10, 624, 956, 1, 14, 0, 0, '2025-09-21 21:10:17'),
(1408, 2, 452214, 'BYT Forest', 11, 8, 989, 692, 2, 14, 2, 2, '2025-09-21 21:10:17'),
(1409, 2, 452214, 'BYT Island', 3, 9, 255, 820, 2, 11, 0, 4, '2025-09-21 21:10:17'),
(1418, 2, 500306, 'BYT Desert', 13, 10, 1163, 964, 4, 17, 4, 1, '2025-09-21 21:10:17'),
(1421, 2, 636812, 'BYT Desert', 0, 0, 0, 0, 0, 0, 0, 0, '2025-09-21 21:10:17'),
(1422, 2, 636812, 'BYT Forest', 0, 0, 0, 0, 0, 0, 0, 0, '2025-09-21 21:10:17'),
(1423, 2, 636812, 'BYT Island', 0, 0, 0, 0, 0, 0, 0, 0, '2025-09-21 21:10:17'),
(1426, 2, 678193, 'BYT Desert', 12, 11, 1080, 1050, 6, 17, 2, 2, '2025-09-21 21:10:17'),
(1427, 2, 678193, 'BYT Forest', 8, 11, 652, 915, 3, 15, 3, 3, '2025-09-21 21:10:17'),
(1428, 2, 678193, 'BYT Island', 9, 10, 908, 927, 4, 18, 2, 1, '2025-09-21 21:10:17'),
(1429, 2, 788804, 'BYT Desert', 4, 12, 331, 1027, 1, 14, 2, 2, '2025-09-21 21:10:17'),
(1430, 2, 788804, 'BYT Island', 13, 8, 1061, 669, 0, 14, 1, 1, '2025-09-21 21:10:17'),
(1431, 2, 788804, 'BYT Stadium', 0, 0, 0, 0, 0, 0, 0, 0, '2025-09-21 21:10:17'),
(1442, 2, 902557, 'BYT Desert', 12, 9, 1230, 869, 5, 17, 2, 1, '2025-09-21 21:10:17'),
(1443, 2, 902557, 'BYT Forest', 11, 11, 825, 927, 2, 14, 3, 1, '2025-09-21 21:10:17'),
(1453, 2, 956996, 'BYT Desert', 0, 0, 0, 0, 0, 0, 0, 0, '2025-09-21 21:10:17'),
(1454, 2, 956996, 'BYT Island', 0, 0, 0, 0, 0, 0, 0, 0, '2025-09-21 21:10:17'),
(1455, 2, 994995, 'BYT Desert', 0, 0, 0, 0, 0, 0, 0, 0, '2025-09-21 21:10:17'),
(1456, 2, 994995, 'BYT Island', 0, 0, 0, 0, 0, 0, 0, 0, '2025-09-21 21:10:17'),
(1457, 2, 994995, 'BYT Stadium', 0, 0, 0, 0, 0, 0, 0, 0, '2025-09-21 21:10:17'),
(1458, 2, 1123124, 'BYT Desert', 0, 0, 0, 0, 0, 0, 0, 0, '2025-09-21 21:10:17'),
(1459, 2, 1123124, 'BYT Forest', 0, 0, 0, 0, 0, 0, 0, 0, '2025-09-21 21:10:17'),
(1460, 2, 1123124, 'BYT Island', 0, 0, 0, 0, 0, 0, 0, 0, '2025-09-21 21:10:17'),
(1465, 2, 1159195, 'BYT Desert', 0, 0, 0, 0, 0, 0, 0, 0, '2025-09-21 21:10:17'),
(1466, 2, 1159195, 'BYT Forest', 0, 0, 0, 0, 0, 0, 0, 0, '2025-09-21 21:10:17'),
(1467, 2, 1159195, 'BYT Island', 0, 0, 0, 0, 0, 0, 0, 0, '2025-09-21 21:10:17'),
(1470, 2, 1194981, 'BYT Stadium', 0, 0, 0, 0, 0, 0, 0, 0, '2025-09-21 21:10:17'),
(1471, 2, 1211057, 'BYT Desert', 0, 0, 0, 0, 0, 0, 0, 0, '2025-09-21 21:10:17'),
(1472, 2, 1211057, 'BYT Island', 0, 0, 0, 0, 0, 0, 0, 0, '2025-09-21 21:10:17'),
(1473, 2, 1211057, 'BYT Stadium', 0, 0, 0, 0, 0, 0, 0, 0, '2025-09-21 21:10:17'),
(1475, 2, 1223304, 'BYT Desert', 10, 8, 775, 728, 7, 17, 0, 2, '2025-09-21 21:10:17'),
(1476, 2, 1223304, 'BYT Forest', 0, 0, 0, 0, 0, 0, 0, 0, '2025-09-21 21:10:17'),
(1477, 2, 1223304, 'BYT Island', 11, 12, 1244, 1041, 8, 17, 2, 0, '2025-09-21 21:10:17'),
(1478, 2, 1232708, 'BYT Forest', 8, 10, 889, 908, 5, 15, 1, 0, '2025-09-21 21:10:17'),
(1483, 2, 1288381, 'BYT Desert', 5, 12, 505, 1001, 1, 14, 0, 0, '2025-09-21 21:10:17'),
(1484, 2, 1288381, 'BYT Island', 5, 10, 518, 902, 1, 14, 0, 1, '2025-09-21 21:10:17'),
(1485, 2, 1288381, 'BYT Stadium', 0, 0, 0, 0, 0, 0, 0, 0, '2025-09-21 21:10:17'),
(1486, 2, 1379228, 'BYT Desert', 0, 0, 0, 0, 0, 0, 0, 0, '2025-09-21 21:10:17'),
(1491, 2, 1474293, 'BYT Desert', 3, 12, 189, 1024, 0, 14, 1, 1, '2025-09-21 21:10:17'),
(1492, 2, 1474293, 'BYT Island', 4, 12, 457, 971, 1, 14, 1, 2, '2025-09-21 21:10:17'),
(1493, 2, 1474293, 'BYT Stadium', 0, 0, 0, 0, 0, 0, 0, 0, '2025-09-21 21:10:17'),
(1500, 2, 1525793, 'BYT Desert', 0, 0, 0, 0, 0, 0, 0, 0, '2025-09-21 21:10:17'),
(1501, 2, 1525793, 'BYT Forest', 0, 0, 0, 0, 0, 0, 0, 0, '2025-09-21 21:10:17'),
(1502, 2, 1525793, 'BYT Island', 0, 0, 0, 0, 0, 0, 0, 0, '2025-09-21 21:10:17'),
(1503, 2, 1529359, 'BYT Desert', 0, 0, 0, 0, 0, 0, 0, 0, '2025-09-21 21:10:17'),
(1504, 2, 1529359, 'BYT Forest', 0, 0, 0, 0, 0, 0, 0, 0, '2025-09-21 21:10:17'),
(1505, 2, 1529359, 'BYT Island', 0, 0, 0, 0, 0, 0, 0, 0, '2025-09-21 21:10:17'),
(1513, 2, 1637460, 'BYT Forest', 15, 7, 1115, 690, 1, 14, 1, 1, '2025-09-21 21:10:17'),
(1514, 2, 1637460, 'BYT Island', 5, 5, 397, 547, 2, 9, 1, 1, '2025-09-21 21:10:17'),
(1516, 2, 1677879, 'BYT Desert', 0, 0, 0, 0, 0, 0, 0, 0, '2025-09-21 21:10:17'),
(1517, 2, 1677879, 'BYT Island', 0, 0, 0, 0, 0, 0, 0, 0, '2025-09-21 21:10:17'),
(1518, 2, 1677879, 'BYT Stadium', 0, 0, 0, 0, 0, 0, 0, 0, '2025-09-21 21:10:17'),
(1521, 2, 1691357, 'BYT Desert', 16, 10, 1493, 914, 2, 14, 2, 2, '2025-09-21 21:10:17'),
(1522, 2, 1691357, 'BYT Island', 11, 9, 1085, 723, 4, 14, 3, 3, '2025-09-21 21:10:17'),
(1523, 2, 1691357, 'BYT Stadium', 0, 0, 0, 0, 0, 0, 0, 0, '2025-09-21 21:10:17'),
(1526, 2, 1737433, 'BYT Desert', 0, 0, 0, 0, 0, 0, 0, 0, '2025-09-21 21:10:17'),
(1527, 2, 1737433, 'BYT Forest', 0, 0, 0, 0, 0, 0, 0, 0, '2025-09-21 21:10:17'),
(1528, 2, 1737433, 'BYT Island', 0, 0, 0, 0, 0, 0, 0, 0, '2025-09-21 21:10:17'),
(1532, 2, 1757644, 'BYT Forest', 3, 7, 250, 522, 3, 9, 0, 1, '2025-09-21 21:10:17'),
(1533, 2, 1757644, 'BYT Island', 8, 11, 598, 1040, 1, 18, 0, 1, '2025-09-21 21:10:17'),
(1536, 2, 1770537, 'BYT Forest', 7, 1, 560, 61, 1, 5, 1, 0, '2025-09-21 21:10:17'),
(1537, 2, 1770537, 'BYT Island', 12, 12, 859, 984, 1, 18, 2, 3, '2025-09-21 21:10:17'),
(1547, 2, 1832685, 'BYT Desert', 13, 9, 1204, 749, 3, 17, 2, 0, '2025-09-21 21:10:17'),
(1548, 2, 1832685, 'BYT Forest', 0, 0, 0, 0, 0, 0, 0, 0, '2025-09-21 21:10:17'),
(1549, 2, 1832685, 'BYT Island', 13, 13, 1062, 1119, 2, 17, 3, 2, '2025-09-21 21:10:17'),
(1550, 2, 1835039, 'BYT Desert', 0, 0, 0, 0, 0, 0, 0, 0, '2025-09-21 21:10:17'),
(1551, 2, 1835039, 'BYT Island', 0, 0, 0, 0, 0, 0, 0, 0, '2025-09-21 21:10:17'),
(1552, 2, 1835039, 'BYT Stadium', 0, 0, 0, 0, 0, 0, 0, 0, '2025-09-21 21:10:17'),
(1556, 2, 1871942, 'BYT Desert', 11, 9, 960, 774, 5, 17, 0, 1, '2025-09-21 21:10:17'),
(1557, 2, 1871942, 'BYT Forest', 6, 11, 652, 952, 3, 15, 1, 3, '2025-09-21 21:10:17'),
(1558, 2, 1871942, 'BYT Island', 19, 10, 1685, 926, 3, 18, 5, 2, '2025-09-21 21:10:17'),
(1565, 2, 1928138, 'BYT Desert', 0, 0, 0, 0, 0, 0, 0, 0, '2025-09-21 21:10:17'),
(1566, 2, 1928138, 'BYT Island', 0, 0, 0, 0, 0, 0, 0, 0, '2025-09-21 21:10:17'),
(1567, 2, 1928138, 'BYT Stadium', 0, 0, 0, 0, 0, 0, 0, 0, '2025-09-21 21:10:17'),
(1575, 2, 2122505, 'BYT Desert', 0, 0, 0, 0, 0, 0, 0, 0, '2025-09-21 21:10:17'),
(1576, 2, 2122505, 'BYT Island', 0, 0, 0, 0, 0, 0, 0, 0, '2025-09-21 21:10:17'),
(1581, 2, 2189042, 'BYT Forest', 5, 8, 577, 830, 1, 14, 0, 2, '2025-09-21 21:10:17'),
(1582, 2, 2189042, 'BYT Island', 11, 12, 1120, 1181, 5, 18, 2, 0, '2025-09-21 21:10:17'),
(1586, 2, 2226106, 'BYT Forest', 0, 0, 0, 0, 0, 0, 0, 0, '2025-09-21 21:10:17'),
(1587, 2, 2226106, 'BYT Island', 6, 10, 403, 872, 1, 16, 0, 0, '2025-09-21 21:10:17'),
(1588, 2, 2231675, 'BYT Desert', 0, 0, 0, 0, 0, 0, 0, 0, '2025-09-21 21:10:17'),
(1589, 2, 2231675, 'BYT Forest', 0, 0, 0, 0, 0, 0, 0, 0, '2025-09-21 21:10:17'),
(1590, 2, 2234378, 'BYT Desert', 13, 12, 1207, 1227, 6, 16, 2, 4, '2025-09-21 21:10:17'),
(1591, 2, 2234378, 'BYT Forest', 12, 9, 1167, 847, 4, 14, 3, 2, '2025-09-21 21:10:17'),
(1592, 2, 2234378, 'BYT Island', 16, 13, 1616, 1006, 1, 18, 3, 1, '2025-09-21 21:10:17'),
(1600, 2, 2412281, 'BYT Desert', 0, 3, 49, 365, 1, 5, 0, 0, '2025-09-21 21:10:17'),
(2139, 2, 499882, 'BYT City', 14, 7, 1233, 558, 4, 16, 1, 0, '2025-09-24 09:11:49'),
(2141, 2, 499882, 'BYT Forest', 8, 14, 751, 1171, 4, 19, 0, 4, '2025-09-24 09:11:49'),
(2162, 2, 838879, 'BYT City', 18, 10, 1744, 916, 0, 16, 3, 4, '2025-09-24 09:11:49'),
(2164, 2, 838879, 'BYT Forest', 12, 15, 1239, 1281, 5, 19, 2, 1, '2025-09-24 09:11:49'),
(2180, 2, 956996, 'BYT City', 2, 7, 99, 613, 1, 8, 0, 1, '2025-09-24 09:11:49'),
(2182, 2, 956996, 'BYT Forest', 13, 11, 1497, 871, 8, 19, 4, 0, '2025-09-24 09:11:49'),
(2184, 2, 994995, 'BYT City', 2, 7, 151, 770, 0, 7, 0, 2, '2025-09-24 09:11:49'),
(2201, 2, 1211057, 'BYT City', 9, 10, 905, 839, 4, 16, 1, 0, '2025-09-24 09:11:49'),
(2203, 2, 1211057, 'BYT Forest', 13, 11, 1234, 924, 5, 19, 2, 1, '2025-09-24 09:11:49'),
(2214, 2, 1282828, 'BYT Forest', 14, 10, 1092, 784, 3, 19, 2, 2, '2025-09-24 09:11:49'),
(2249, 2, 1677879, 'BYT City', 6, 10, 660, 983, 5, 16, 1, 2, '2025-09-24 09:11:49'),
(2251, 2, 1677879, 'BYT Forest', 22, 11, 1610, 1036, 2, 19, 2, 0, '2025-09-24 09:11:49'),
(2261, 2, 1722460, 'BYT City', 5, 6, 516, 631, 3, 16, 1, 0, '2025-09-24 09:11:49'),
(2275, 2, 1783914, 'BYT City', 10, 10, 932, 853, 2, 16, 3, 3, '2025-09-24 09:11:49'),
(2277, 2, 1783914, 'BYT Forest', 14, 11, 1090, 1075, 3, 19, 2, 1, '2025-09-24 09:11:49'),
(2281, 2, 1803585, 'BYT City', 7, 12, 759, 1036, 5, 16, 0, 1, '2025-09-24 09:11:49'),
(2283, 2, 1803585, 'BYT Forest', 12, 14, 1084, 1341, 3, 19, 1, 3, '2025-09-24 09:11:49'),
(2290, 2, 1835039, 'BYT City', 11, 10, 866, 1005, 1, 16, 3, 2, '2025-09-24 09:11:49'),
(2292, 2, 1835039, 'BYT Forest', 8, 15, 569, 1277, 2, 19, 2, 3, '2025-09-24 09:11:49'),
(2307, 2, 1928138, 'BYT City', 15, 10, 1313, 974, 5, 16, 3, 1, '2025-09-24 09:11:49'),
(2309, 2, 1928138, 'BYT Forest', 8, 12, 742, 1148, 5, 19, 1, 3, '2025-09-24 09:11:49'),
(2408, 2, 503765, 'BYT Desert', 17, 8, 1319, 779, 0, 16, 1, 2, '2025-09-27 10:39:25'),
(2409, 2, 503765, 'BYT Forest', 9, 4, 995, 402, 5, 11, 3, 2, '2025-09-27 10:39:25'),
(2418, 2, 774878, 'BYT Desert', 14, 7, 1294, 595, 4, 16, 2, 0, '2025-09-27 10:39:25'),
(2419, 2, 774878, 'BYT Forest', 8, 2, 595, 206, 3, 11, 0, 1, '2025-09-27 10:39:25'),
(2420, 2, 780242, 'BYT Desert', 11, 9, 1012, 777, 3, 16, 2, 2, '2025-09-27 10:39:25'),
(2421, 2, 780242, 'BYT Forest', 12, 5, 1146, 482, 4, 11, 4, 1, '2025-09-27 10:39:25'),
(2507, 2, 1544447, 'BYT Desert', 14, 8, 1354, 677, 4, 16, 2, 2, '2025-09-27 10:39:25'),
(2508, 2, 1544447, 'BYT Forest', 12, 2, 997, 268, 2, 11, 0, 0, '2025-09-27 10:39:25'),
(2515, 2, 1577597, 'BYT Desert', 0, 4, 52, 276, 0, 4, 0, 0, '2025-09-27 10:39:25'),
(2516, 2, 1577597, 'BYT Forest', 0, 2, 26, 158, 0, 2, 0, 0, '2025-09-27 10:39:25'),
(2559, 2, 1814235, 'BYT Desert', 7, 10, 642, 1001, 5, 16, 0, 3, '2025-09-27 10:39:25'),
(2560, 2, 1814235, 'BYT Forest', 12, 1, 1066, 115, 3, 11, 0, 0, '2025-09-27 10:39:25'),
(2593, 2, 2116360, 'BYT Desert', 14, 9, 1149, 713, 2, 16, 2, 0, '2025-09-27 10:39:25'),
(2594, 2, 2116360, 'BYT Forest', 4, 10, 465, 794, 1, 11, 1, 1, '2025-09-27 10:39:25'),
(2617, 2, 2300331, 'BYT Desert', 9, 13, 815, 1316, 2, 16, 0, 1, '2025-09-27 10:39:25'),
(2618, 2, 2300331, 'BYT Forest', 0, 2, 0, 136, 0, 2, 0, 0, '2025-09-27 10:39:25'),
(2625, 2, 2498648, 'BYT Desert', 8, 13, 658, 1258, 1, 16, 3, 3, '2025-09-27 10:39:25'),
(2626, 2, 2498648, 'BYT Forest', 2, 9, 171, 803, 0, 10, 1, 1, '2025-09-27 10:39:25'),
(2632, 2, 2517368, 'BYT Desert', 10, 12, 982, 1044, 1, 16, 3, 1, '2025-09-27 10:39:25'),
(2633, 2, 2517368, 'BYT Forest', 3, 11, 294, 1052, 2, 11, 1, 2, '2025-09-27 10:39:25'),
(2634, 2, 2525779, 'BYT Forest', 3, 10, 357, 1009, 0, 11, 1, 2, '2025-09-27 10:39:25'),
(2639, 2, 2550011, 'BYT Desert', 1, 12, 173, 1014, 0, 12, 1, 2, '2025-09-27 10:39:25'),
(2640, 2, 2550011, 'BYT Forest', 2, 9, 160, 847, 0, 10, 0, 1, '2025-09-27 10:39:25'),
(3017, 2, 952369, 'BYT Island', 9, 11, 939, 934, 6, 15, 2, 1, '2025-09-27 20:01:52'),
(3018, 2, 952369, 'BYT Snow', 11, 12, 1074, 953, 2, 14, 5, 2, '2025-09-27 20:01:52'),
(3046, 2, 1216145, 'BYT Island', 5, 13, 407, 1159, 0, 15, 1, 4, '2025-09-27 20:01:52'),
(3047, 2, 1216145, 'BYT Snow', 7, 11, 557, 845, 2, 14, 2, 0, '2025-09-27 20:01:52'),
(3055, 2, 1275070, 'BYT Island', 18, 7, 1447, 779, 4, 15, 2, 1, '2025-09-27 20:01:52'),
(3056, 2, 1275070, 'BYT Snow', 14, 6, 985, 573, 2, 14, 1, 1, '2025-09-27 20:01:52'),
(3077, 2, 1520575, 'BYT Island', 4, 13, 352, 1139, 2, 15, 0, 3, '2025-09-27 20:01:52'),
(3078, 2, 1520575, 'BYT Snow', 7, 12, 625, 1153, 2, 14, 1, 0, '2025-09-27 20:01:52'),
(3165, 2, 1951282, 'BYT Island', 17, 8, 1345, 663, 1, 15, 4, 1, '2025-09-27 20:01:52'),
(3166, 2, 1951282, 'BYT Snow', 8, 5, 709, 460, 2, 10, 1, 2, '2025-09-27 20:01:52'),
(3200, 2, 2315243, 'BYT Island', 14, 12, 1384, 918, 4, 15, 2, 1, '2025-09-27 20:01:52'),
(3201, 2, 2315243, 'BYT Snow', 7, 11, 630, 971, 1, 14, 0, 0, '2025-09-27 20:01:52'),
(3223, 2, 2560206, 'BYT Island', 7, 12, 616, 921, 0, 15, 0, 0, '2025-09-27 20:01:52'),
(3224, 2, 2560206, 'BYT Snow', 4, 9, 338, 1008, 1, 14, 0, 2, '2025-09-27 20:01:52'),
(3231, 2, 62821, 'BYT City', 9, 12, 822, 1014, 7, 19, 1, 2, '2025-09-28 23:19:16'),
(3235, 2, 278973, 'BYT Desert', 14, 10, 1229, 1041, 3, 17, 2, 2, '2025-09-28 23:19:16'),
(3244, 2, 335479, 'BYT Forest', 10, 9, 843, 761, 4, 17, 2, 0, '2025-09-28 23:19:16'),
(3247, 2, 349853, 'BYT Forest', 11, 7, 1150, 592, 6, 17, 2, 1, '2025-09-28 23:19:16'),
(3250, 2, 351969, 'BYT Forest', 6, 11, 650, 976, 3, 17, 2, 1, '2025-09-28 23:19:16'),
(3264, 2, 436448, 'BYT City', 10, 10, 837, 852, 6, 19, 2, 1, '2025-09-28 23:19:16'),
(3265, 2, 436448, 'BYT Desert', 9, 11, 789, 912, 2, 17, 3, 3, '2025-09-28 23:19:16'),
(3266, 2, 436448, 'BYT Island', 18, 9, 1378, 865, 2, 17, 2, 1, '2025-09-28 23:19:16'),
(3276, 2, 488794, 'BYT Forest', 5, 13, 565, 1163, 2, 17, 1, 3, '2025-09-28 23:19:16'),
(3293, 2, 651079, 'BYT Snow', 7, 11, 662, 962, 3, 17, 0, 3, '2025-09-28 23:19:16'),
(3294, 2, 663095, 'BYT City', 6, 9, 594, 805, 3, 16, 0, 2, '2025-09-28 23:19:16'),
(3295, 2, 663095, 'BYT Desert', 2, 8, 277, 628, 2, 11, 0, 2, '2025-09-28 23:19:16'),
(3296, 2, 663095, 'BYT Island', 0, 0, 0, 0, 0, 1, 0, 0, '2025-09-28 23:19:16'),
(3318, 2, 863865, 'BYT Desert', 4, 10, 405, 1025, 5, 14, 1, 5, '2025-09-28 23:19:16'),
(3319, 2, 863865, 'BYT Forest', 6, 14, 596, 1097, 4, 17, 2, 2, '2025-09-28 23:19:16'),
(3321, 2, 863865, 'BYT Snow', 12, 14, 1210, 1177, 6, 19, 3, 3, '2025-09-28 23:19:16'),
(3329, 2, 943123, 'BYT Desert', 8, 3, 855, 243, 5, 8, 1, 0, '2025-09-28 23:19:16'),
(3330, 2, 943123, 'BYT Island', 3, 7, 278, 818, 1, 8, 0, 1, '2025-09-28 23:19:16'),
(3345, 2, 1115342, 'BYT Desert', 12, 10, 900, 930, 1, 14, 0, 0, '2025-09-28 23:19:16'),
(3346, 2, 1115342, 'BYT Forest', 8, 7, 822, 648, 8, 17, 1, 1, '2025-09-28 23:19:16'),
(3347, 2, 1115342, 'BYT Snow', 11, 14, 1040, 1232, 6, 19, 3, 3, '2025-09-28 23:19:16'),
(3366, 2, 1213248, 'BYT City', 15, 11, 1345, 982, 5, 19, 5, 6, '2025-09-28 23:19:16'),
(3367, 2, 1213248, 'BYT Desert', 13, 9, 1058, 815, 6, 17, 3, 3, '2025-09-28 23:19:16'),
(3368, 2, 1213248, 'BYT Island', 12, 12, 1183, 1223, 4, 17, 1, 3, '2025-09-28 23:19:16'),
(3372, 2, 1223304, 'BYT City', 18, 11, 1649, 1023, 3, 19, 1, 0, '2025-09-28 23:19:16'),
(3379, 2, 1269742, 'BYT Snow', 11, 10, 1074, 915, 5, 17, 0, 3, '2025-09-28 23:19:16'),
(3388, 2, 1347805, 'BYT City', 6, 13, 688, 1083, 2, 19, 1, 2, '2025-09-28 23:19:16'),
(3389, 2, 1347805, 'BYT Desert', 8, 12, 585, 1015, 2, 17, 1, 0, '2025-09-28 23:19:16'),
(3390, 2, 1347805, 'BYT Island', 9, 10, 815, 853, 3, 17, 0, 0, '2025-09-28 23:19:16'),
(3394, 2, 1472629, 'BYT Forest', 10, 11, 778, 851, 4, 17, 1, 4, '2025-09-28 23:19:16'),
(3416, 2, 1554632, 'BYT Forest', 0, 0, 0, 0, 0, 0, 0, 0, '2025-09-28 23:19:16'),
(3421, 2, 1556384, 'BYT Forest', 13, 11, 1017, 1003, 1, 17, 0, 1, '2025-09-28 23:19:16'),
(3436, 2, 1688497, 'BYT Forest', 14, 9, 1032, 840, 2, 17, 3, 1, '2025-09-28 23:19:16'),
(3443, 2, 1719999, 'BYT City', 0, 3, 0, 301, 0, 3, 0, 2, '2025-09-28 23:19:16'),
(3444, 2, 1719999, 'BYT Desert', 0, 3, 0, 223, 0, 4, 0, 1, '2025-09-28 23:19:16'),
(3445, 2, 1719999, 'BYT Island', 4, 3, 449, 301, 1, 8, 1, 1, '2025-09-28 23:19:16'),
(3474, 2, 1832685, 'BYT City', 10, 13, 1039, 1177, 5, 19, 1, 1, '2025-09-28 23:19:16'),
(3505, 2, 1984814, 'BYT Desert', 3, 10, 450, 1004, 3, 14, 1, 1, '2025-09-28 23:19:16'),
(3506, 2, 1984814, 'BYT Forest', 17, 8, 1243, 765, 1, 17, 3, 3, '2025-09-28 23:19:16'),
(3507, 2, 1984814, 'BYT Snow', 9, 13, 758, 1445, 5, 19, 1, 2, '2025-09-28 23:19:16'),
(3510, 2, 2086845, 'BYT City', 23, 11, 1839, 1166, 4, 19, 3, 1, '2025-09-28 23:19:16'),
(3511, 2, 2086845, 'BYT Desert', 7, 14, 550, 1200, 0, 17, 2, 2, '2025-09-28 23:19:16'),
(3512, 2, 2086845, 'BYT Island', 14, 13, 1302, 1119, 4, 17, 2, 2, '2025-09-28 23:19:16'),
(3528, 2, 2226106, 'BYT City', 6, 11, 448, 875, 1, 19, 1, 0, '2025-09-28 23:19:16'),
(3529, 2, 2226106, 'BYT Desert', 8, 7, 678, 642, 1, 14, 1, 0, '2025-09-28 23:19:16'),
(3548, 2, 2392773, 'BYT City', 13, 12, 1113, 1096, 3, 19, 3, 1, '2025-09-28 23:19:16'),
(3549, 2, 2392773, 'BYT Desert', 10, 10, 861, 1060, 4, 17, 1, 1, '2025-09-28 23:19:16'),
(3550, 2, 2392773, 'BYT Island', 12, 10, 1213, 752, 9, 17, 3, 3, '2025-09-28 23:19:16'),
(3552, 2, 2412281, 'BYT Island', 0, 0, 0, 0, 0, 1, 0, 0, '2025-09-28 23:19:16'),
(3783, 2, 1681176, 'BYT Desert', 11, 9, 867, 684, 2, 14, 0, 1, '2025-10-02 09:31:28'),
(3784, 2, 1681176, 'BYT Island', 13, 6, 1111, 596, 3, 14, 1, 1, '2025-10-02 09:31:28'),
(3924, 3, 9531, 'BYT Desert', 10, 5, 762, 478, 5, 15, 2, 2, '2025-10-05 21:15:58'),
(3925, 3, 9531, 'BYT Island', 0, 0, 0, 0, 0, 0, 0, 0, '2025-10-05 21:15:58'),
(3926, 3, 9531, 'BYT Snow', 10, 10, 803, 879, 3, 18, 3, 1, '2025-10-05 21:15:58'),
(3927, 3, 10681, 'BYT Island', 0, 0, 0, 0, 0, 0, 0, 0, '2025-10-05 21:15:58'),
(3928, 3, 10681, 'BYT Snow', 0, 0, 0, 0, 0, 0, 0, 0, '2025-10-05 21:15:58'),
(3929, 3, 62821, 'BYT City', 0, 0, 0, 0, 0, 0, 0, 0, '2025-10-05 21:15:58'),
(3930, 3, 62821, 'BYT Desert', 0, 0, 0, 0, 0, 0, 0, 0, '2025-10-05 21:15:58'),
(3931, 3, 62821, 'BYT Forest', 0, 0, 0, 0, 0, 0, 0, 0, '2025-10-05 21:15:58'),
(3932, 3, 62821, 'BYT Island', 0, 0, 0, 0, 0, 0, 0, 0, '2025-10-05 21:15:58'),
(3933, 3, 278973, 'BYT Desert', 15, 14, 1436, 1260, 4, 19, 6, 2, '2025-10-05 21:15:58'),
(3934, 3, 278973, 'BYT Snow', 0, 0, 0, 0, 0, 0, 0, 0, '2025-10-05 21:15:58'),
(3935, 3, 290348, 'BYT Desert', 15, 7, 1434, 577, 9, 15, 0, 0, '2025-10-05 21:15:58'),
(3936, 3, 290348, 'BYT Island', 0, 0, 0, 0, 0, 0, 0, 0, '2025-10-05 21:15:58'),
(3937, 3, 290348, 'BYT Snow', 20, 10, 1767, 924, 3, 18, 4, 1, '2025-10-05 21:15:58'),
(3938, 3, 301721, 'BYT Desert', 7, 11, 714, 1004, 4, 12, 1, 0, '2025-10-05 21:15:58'),
(3939, 3, 301721, 'BYT Island', 12, 8, 1145, 740, 3, 16, 1, 2, '2025-10-05 21:15:58'),
(3940, 3, 301721, 'BYT Stadium', 0, 0, 0, 0, 0, 0, 0, 0, '2025-10-05 21:15:58'),
(3941, 3, 335479, 'BYT Desert', 6, 11, 524, 1091, 1, 15, 2, 1, '2025-10-05 21:15:58'),
(3942, 3, 335479, 'BYT Forest', 0, 0, 0, 0, 0, 0, 0, 0, '2025-10-05 21:15:58'),
(3943, 3, 335479, 'BYT Snow', 14, 11, 992, 962, 0, 18, 3, 3, '2025-10-05 21:15:58'),
(3944, 3, 349853, 'BYT Desert', 0, 0, 0, 0, 0, 0, 0, 0, '2025-10-05 21:15:58'),
(3945, 3, 349853, 'BYT Forest', 0, 0, 0, 0, 0, 0, 0, 0, '2025-10-05 21:15:58'),
(3946, 3, 349853, 'BYT Snow', 0, 0, 0, 0, 0, 0, 0, 0, '2025-10-05 21:15:58'),
(3947, 3, 351969, 'BYT Desert', 8, 11, 790, 1054, 4, 19, 1, 3, '2025-10-05 21:15:58'),
(3948, 3, 351969, 'BYT Forest', 0, 0, 0, 0, 0, 0, 0, 0, '2025-10-05 21:15:58'),
(3949, 3, 351969, 'BYT Island', 10, 13, 1059, 1024, 2, 18, 1, 1, '2025-10-05 21:15:58'),
(3950, 3, 351969, 'BYT Snow', 0, 0, 0, 0, 0, 0, 0, 0, '2025-10-05 21:15:58'),
(3951, 3, 372274, 'BYT Desert', 16, 8, 1412, 701, 6, 19, 2, 0, '2025-10-05 21:15:58'),
(3952, 3, 372274, 'BYT Snow', 0, 0, 0, 0, 0, 0, 0, 0, '2025-10-05 21:15:58'),
(3953, 3, 375537, 'BYT Desert', 0, 0, 0, 0, 0, 0, 0, 0, '2025-10-05 21:15:58'),
(3954, 3, 375537, 'BYT Island', 0, 0, 0, 0, 0, 0, 0, 0, '2025-10-05 21:15:58'),
(3955, 3, 375537, 'BYT Stadium', 0, 0, 0, 0, 0, 0, 0, 0, '2025-10-05 21:15:58'),
(3956, 3, 395813, 'BYT Desert', 0, 0, 0, 0, 0, 0, 0, 0, '2025-10-05 21:15:58'),
(3957, 3, 395813, 'BYT Island', 0, 0, 0, 0, 0, 0, 0, 0, '2025-10-05 21:15:58'),
(3958, 3, 415702, 'BYT Desert', 0, 0, 0, 0, 0, 0, 0, 0, '2025-10-05 21:15:58'),
(3959, 3, 415702, 'BYT Forest', 0, 0, 0, 0, 0, 0, 0, 0, '2025-10-05 21:15:58'),
(3960, 3, 415702, 'BYT Island', 0, 0, 0, 0, 0, 0, 0, 0, '2025-10-05 21:15:58'),
(3961, 3, 415702, 'BYT Snow', 0, 0, 0, 0, 0, 0, 0, 0, '2025-10-05 21:15:58'),
(3962, 3, 436448, 'BYT City', 0, 0, 0, 0, 0, 0, 0, 0, '2025-10-05 21:15:58'),
(3963, 3, 436448, 'BYT Desert', 13, 12, 1074, 1122, 6, 19, 0, 1, '2025-10-05 21:15:58'),
(3964, 3, 436448, 'BYT Forest', 15, 13, 1382, 1206, 2, 19, 2, 1, '2025-10-05 21:15:58'),
(3965, 3, 436448, 'BYT Island', 13, 11, 1137, 1015, 4, 19, 2, 0, '2025-10-05 21:15:58'),
(3966, 3, 449912, 'BYT Desert', 17, 2, 1495, 303, 2, 12, 2, 0, '2025-10-05 21:15:58');
INSERT INTO `matchweek_map_snapshots` (`snapshot_id`, `matchweek_id`, `guid`, `map_name`, `kills`, `deaths`, `damage_dealt`, `damage_taken`, `assists`, `rounds_played`, `first_picks`, `first_deaths`, `created_at`) VALUES
(3967, 3, 449912, 'BYT Island', 20, 9, 1806, 866, 6, 16, 3, 2, '2025-10-05 21:15:58'),
(3968, 3, 452214, 'BYT Desert', 0, 0, 0, 0, 0, 0, 0, 0, '2025-10-05 21:15:58'),
(3969, 3, 452214, 'BYT Forest', 0, 0, 0, 0, 0, 0, 0, 0, '2025-10-05 21:15:58'),
(3970, 3, 452214, 'BYT Island', 0, 0, 0, 0, 0, 0, 0, 0, '2025-10-05 21:15:58'),
(3971, 3, 452214, 'BYT Stadium', 13, 12, 1191, 1092, 4, 15, 5, 2, '2025-10-05 21:15:58'),
(3972, 3, 461759, 'BYT Island', 0, 0, 0, 0, 0, 0, 0, 0, '2025-10-05 21:15:58'),
(3973, 3, 461759, 'BYT Snow', 3, 12, 344, 1040, 2, 15, 1, 1, '2025-10-05 21:15:58'),
(3974, 3, 488794, 'BYT Desert', 2, 15, 305, 1481, 3, 19, 0, 5, '2025-10-05 21:15:58'),
(3975, 3, 488794, 'BYT Forest', 0, 0, 0, 0, 0, 0, 0, 0, '2025-10-05 21:15:58'),
(3976, 3, 488794, 'BYT Island', 14, 12, 1092, 1010, 2, 18, 0, 0, '2025-10-05 21:15:58'),
(3977, 3, 488794, 'BYT Snow', 0, 0, 0, 0, 0, 0, 0, 0, '2025-10-05 21:15:58'),
(3978, 3, 499882, 'BYT City', 0, 0, 0, 0, 0, 0, 0, 0, '2025-10-05 21:15:58'),
(3979, 3, 499882, 'BYT Desert', 7, 5, 735, 483, 4, 12, 1, 0, '2025-10-05 21:15:58'),
(3980, 3, 499882, 'BYT Forest', 12, 11, 931, 1028, 2, 19, 0, 3, '2025-10-05 21:15:58'),
(3981, 3, 499882, 'BYT Island', 8, 13, 570, 1064, 1, 16, 1, 3, '2025-10-05 21:15:58'),
(3982, 3, 500306, 'BYT Desert', 0, 0, 0, 0, 0, 0, 0, 0, '2025-10-05 21:15:58'),
(3983, 3, 500306, 'BYT Island', 0, 0, 0, 0, 0, 0, 0, 0, '2025-10-05 21:15:58'),
(3984, 3, 500306, 'BYT Snow', 0, 2, 0, 185, 0, 2, 0, 0, '2025-10-05 21:15:58'),
(3985, 3, 503765, 'BYT Desert', 13, 9, 1068, 847, 3, 17, 1, 1, '2025-10-05 21:15:58'),
(3986, 3, 503765, 'BYT Forest', 0, 0, 0, 0, 0, 0, 0, 0, '2025-10-05 21:15:58'),
(3987, 3, 636812, 'BYT Desert', 0, 0, 0, 0, 0, 0, 0, 0, '2025-10-05 21:15:58'),
(3988, 3, 636812, 'BYT Forest', 0, 0, 0, 0, 0, 0, 0, 0, '2025-10-05 21:15:58'),
(3989, 3, 636812, 'BYT Island', 0, 0, 0, 0, 0, 0, 0, 0, '2025-10-05 21:15:58'),
(3990, 3, 651079, 'BYT Desert', 10, 8, 894, 708, 3, 15, 1, 0, '2025-10-05 21:15:58'),
(3991, 3, 651079, 'BYT Island', 0, 0, 0, 0, 0, 0, 0, 0, '2025-10-05 21:15:58'),
(3992, 3, 651079, 'BYT Snow', 12, 12, 958, 1228, 4, 18, 0, 1, '2025-10-05 21:15:58'),
(3993, 3, 663095, 'BYT City', 0, 0, 0, 0, 0, 0, 0, 0, '2025-10-05 21:15:58'),
(3994, 3, 663095, 'BYT Desert', 6, 11, 508, 754, 3, 12, 0, 1, '2025-10-05 21:15:58'),
(3995, 3, 663095, 'BYT Island', 0, 0, 0, 0, 0, 0, 0, 0, '2025-10-05 21:15:58'),
(3996, 3, 671857, 'BYT Desert', 14, 7, 1419, 494, 7, 15, 5, 1, '2025-10-05 21:15:58'),
(3997, 3, 671857, 'BYT Snow', 12, 12, 1113, 1217, 4, 18, 2, 2, '2025-10-05 21:15:58'),
(3998, 3, 678193, 'BYT Desert', 0, 0, 0, 0, 0, 0, 0, 0, '2025-10-05 21:15:58'),
(3999, 3, 678193, 'BYT Forest', 0, 0, 0, 0, 0, 0, 0, 0, '2025-10-05 21:15:58'),
(4000, 3, 678193, 'BYT Island', 0, 0, 0, 0, 0, 0, 0, 0, '2025-10-05 21:15:58'),
(4001, 3, 774878, 'BYT Desert', 0, 0, 0, 0, 0, 0, 0, 0, '2025-10-05 21:15:58'),
(4002, 3, 774878, 'BYT Forest', 0, 0, 0, 0, 0, 0, 0, 0, '2025-10-05 21:15:58'),
(4003, 3, 780242, 'BYT Desert', 0, 0, 0, 0, 0, 0, 0, 0, '2025-10-05 21:15:58'),
(4004, 3, 780242, 'BYT Forest', 0, 0, 0, 0, 0, 0, 0, 0, '2025-10-05 21:15:58'),
(4005, 3, 788804, 'BYT Desert', 1, 13, 118, 1115, 0, 12, 1, 2, '2025-10-05 21:15:58'),
(4006, 3, 788804, 'BYT Island', 7, 9, 580, 952, 4, 16, 0, 2, '2025-10-05 21:15:58'),
(4007, 3, 788804, 'BYT Stadium', 0, 0, 0, 0, 0, 0, 0, 0, '2025-10-05 21:15:58'),
(4008, 3, 792123, 'BYT Desert', 0, 0, 0, 0, 0, 0, 0, 0, '2025-10-05 21:15:58'),
(4009, 3, 792123, 'BYT Island', 0, 0, 0, 0, 0, 0, 0, 0, '2025-10-05 21:15:58'),
(4010, 3, 792123, 'BYT Snow', 0, 0, 0, 0, 0, 0, 0, 0, '2025-10-05 21:15:58'),
(4011, 3, 793812, 'BYT Island', 0, 0, 0, 0, 0, 0, 0, 0, '2025-10-05 21:15:58'),
(4012, 3, 793812, 'BYT Snow', 7, 13, 580, 1203, 0, 15, 3, 1, '2025-10-05 21:15:58'),
(4013, 3, 838879, 'BYT City', 0, 0, 0, 0, 0, 0, 0, 0, '2025-10-05 21:15:58'),
(4014, 3, 838879, 'BYT Desert', 19, 5, 1631, 524, 6, 12, 3, 2, '2025-10-05 21:15:58'),
(4015, 3, 838879, 'BYT Forest', 11, 15, 904, 1254, 6, 19, 2, 4, '2025-10-05 21:15:58'),
(4016, 3, 838879, 'BYT Island', 15, 13, 1292, 1140, 4, 16, 3, 1, '2025-10-05 21:15:58'),
(4017, 3, 840822, 'BYT Desert', 0, 0, 0, 0, 0, 0, 0, 0, '2025-10-05 21:15:58'),
(4018, 3, 840822, 'BYT Snow', 0, 0, 0, 0, 0, 0, 0, 0, '2025-10-05 21:15:58'),
(4019, 3, 863865, 'BYT Desert', 0, 0, 0, 0, 0, 0, 0, 0, '2025-10-05 21:15:58'),
(4020, 3, 863865, 'BYT Forest', 0, 0, 0, 0, 0, 0, 0, 0, '2025-10-05 21:15:58'),
(4021, 3, 863865, 'BYT Island', 0, 0, 0, 0, 0, 0, 0, 0, '2025-10-05 21:15:58'),
(4022, 3, 863865, 'BYT Snow', 0, 0, 0, 0, 0, 0, 0, 0, '2025-10-05 21:15:58'),
(4023, 3, 892796, 'BYT Desert', 11, 14, 1106, 1162, 6, 19, 2, 0, '2025-10-05 21:15:58'),
(4024, 3, 892796, 'BYT Forest', 8, 14, 868, 1123, 3, 19, 2, 1, '2025-10-05 21:15:58'),
(4025, 3, 892796, 'BYT Island', 14, 11, 1075, 884, 3, 19, 1, 4, '2025-10-05 21:15:58'),
(4026, 3, 902557, 'BYT Desert', 0, 0, 0, 0, 0, 0, 0, 0, '2025-10-05 21:15:58'),
(4027, 3, 902557, 'BYT Forest', 0, 0, 0, 0, 0, 0, 0, 0, '2025-10-05 21:15:58'),
(4028, 3, 902557, 'BYT Island', 0, 0, 0, 0, 0, 0, 0, 0, '2025-10-05 21:15:58'),
(4029, 3, 902557, 'BYT Snow', 7, 10, 742, 914, 3, 14, 3, 2, '2025-10-05 21:15:58'),
(4030, 3, 927368, 'BYT Desert', 16, 11, 1276, 945, 2, 19, 1, 2, '2025-10-05 21:15:58'),
(4031, 3, 927368, 'BYT Island', 9, 11, 703, 934, 3, 18, 1, 3, '2025-10-05 21:15:58'),
(4032, 3, 927368, 'BYT Snow', 0, 0, 0, 0, 0, 0, 0, 0, '2025-10-05 21:15:58'),
(4033, 3, 943123, 'BYT Desert', 0, 0, 0, 0, 0, 0, 0, 0, '2025-10-05 21:15:58'),
(4034, 3, 943123, 'BYT Island', 0, 0, 0, 0, 0, 0, 0, 0, '2025-10-05 21:15:58'),
(4035, 3, 951862, 'BYT Island', 0, 0, 0, 0, 0, 0, 0, 0, '2025-10-05 21:15:58'),
(4036, 3, 951862, 'BYT Snow', 13, 12, 1010, 993, 2, 19, 2, 1, '2025-10-05 21:15:58'),
(4037, 3, 952369, 'BYT Desert', 0, 0, 0, 0, 0, 0, 0, 0, '2025-10-05 21:15:58'),
(4038, 3, 952369, 'BYT Island', 0, 0, 0, 0, 0, 0, 0, 0, '2025-10-05 21:15:58'),
(4039, 3, 952369, 'BYT Snow', 21, 7, 1898, 660, 2, 15, 4, 1, '2025-10-05 21:15:58'),
(4040, 3, 952369, 'BYT Stadium', 0, 0, 0, 0, 0, 0, 0, 0, '2025-10-05 21:15:58'),
(4041, 3, 956996, 'BYT City', 0, 0, 0, 0, 0, 0, 0, 0, '2025-10-05 21:15:58'),
(4042, 3, 956996, 'BYT Desert', 0, 0, 0, 0, 0, 0, 0, 0, '2025-10-05 21:15:58'),
(4043, 3, 956996, 'BYT Forest', 0, 0, 0, 0, 0, 0, 0, 0, '2025-10-05 21:15:58'),
(4044, 3, 956996, 'BYT Island', 0, 0, 0, 0, 0, 0, 0, 0, '2025-10-05 21:15:58'),
(4045, 3, 994995, 'BYT City', 0, 0, 0, 0, 0, 0, 0, 0, '2025-10-05 21:15:58'),
(4046, 3, 994995, 'BYT Desert', 5, 11, 490, 945, 0, 12, 1, 2, '2025-10-05 21:15:58'),
(4047, 3, 994995, 'BYT Island', 6, 14, 465, 1482, 0, 16, 2, 1, '2025-10-05 21:15:58'),
(4048, 3, 994995, 'BYT Stadium', 0, 0, 0, 0, 0, 0, 0, 0, '2025-10-05 21:15:58'),
(4049, 3, 1115342, 'BYT Desert', 10, 11, 828, 1005, 0, 15, 0, 2, '2025-10-05 21:15:58'),
(4050, 3, 1115342, 'BYT Forest', 0, 0, 0, 0, 0, 0, 0, 0, '2025-10-05 21:15:58'),
(4051, 3, 1115342, 'BYT Snow', 11, 15, 1241, 1104, 6, 18, 2, 0, '2025-10-05 21:15:58'),
(4052, 3, 1123124, 'BYT Desert', 8, 16, 769, 1330, 4, 19, 1, 1, '2025-10-05 21:15:58'),
(4053, 3, 1123124, 'BYT Forest', 5, 16, 464, 1231, 5, 19, 0, 5, '2025-10-05 21:15:58'),
(4054, 3, 1123124, 'BYT Island', 11, 12, 822, 1126, 1, 19, 2, 1, '2025-10-05 21:15:58'),
(4055, 3, 1123134, 'BYT Desert', 10, 10, 876, 822, 5, 19, 3, 1, '2025-10-05 21:15:58'),
(4056, 3, 1123134, 'BYT Snow', 0, 0, 0, 0, 0, 0, 0, 0, '2025-10-05 21:15:58'),
(4057, 3, 1146243, 'BYT Desert', 6, 10, 403, 848, 2, 14, 0, 3, '2025-10-05 21:15:58'),
(4058, 3, 1146243, 'BYT Snow', 7, 9, 677, 770, 2, 12, 1, 1, '2025-10-05 21:15:58'),
(4059, 3, 1159195, 'BYT Desert', 0, 0, 0, 0, 0, 0, 0, 0, '2025-10-05 21:15:58'),
(4060, 3, 1159195, 'BYT Forest', 0, 0, 0, 0, 0, 0, 0, 0, '2025-10-05 21:15:58'),
(4061, 3, 1159195, 'BYT Island', 0, 0, 0, 0, 0, 0, 0, 0, '2025-10-05 21:15:58'),
(4062, 3, 1160798, 'BYT Desert', 10, 4, 900, 372, 5, 12, 1, 0, '2025-10-05 21:15:58'),
(4063, 3, 1160798, 'BYT Snow', 0, 0, 0, 0, 0, 0, 0, 0, '2025-10-05 21:15:58'),
(4064, 3, 1194981, 'BYT Stadium', 0, 0, 0, 0, 0, 0, 0, 0, '2025-10-05 21:15:58'),
(4065, 3, 1211057, 'BYT City', 0, 0, 0, 0, 0, 0, 0, 0, '2025-10-05 21:15:58'),
(4066, 3, 1211057, 'BYT Desert', 3, 12, 319, 989, 0, 12, 0, 1, '2025-10-05 21:15:58'),
(4067, 3, 1211057, 'BYT Forest', 0, 0, 0, 0, 0, 0, 0, 0, '2025-10-05 21:15:58'),
(4068, 3, 1211057, 'BYT Island', 10, 12, 913, 1189, 3, 16, 0, 1, '2025-10-05 21:15:58'),
(4069, 3, 1211057, 'BYT Stadium', 0, 0, 0, 0, 0, 0, 0, 0, '2025-10-05 21:15:58'),
(4070, 3, 1213248, 'BYT City', 0, 0, 0, 0, 0, 0, 0, 0, '2025-10-05 21:15:58'),
(4071, 3, 1213248, 'BYT Desert', 0, 0, 0, 0, 0, 0, 0, 0, '2025-10-05 21:15:58'),
(4072, 3, 1213248, 'BYT Island', 0, 0, 0, 0, 0, 0, 0, 0, '2025-10-05 21:15:58'),
(4073, 3, 1216145, 'BYT Island', 0, 0, 0, 0, 0, 0, 0, 0, '2025-10-05 21:15:58'),
(4074, 3, 1216145, 'BYT Snow', 3, 8, 257, 645, 0, 9, 0, 5, '2025-10-05 21:15:58'),
(4075, 3, 1216145, 'BYT Stadium', 10, 3, 967, 232, 3, 9, 1, 0, '2025-10-05 21:15:58'),
(4076, 3, 1223304, 'BYT City', 0, 0, 0, 0, 0, 0, 0, 0, '2025-10-05 21:15:58'),
(4077, 3, 1223304, 'BYT Desert', 0, 0, 0, 0, 0, 0, 0, 0, '2025-10-05 21:15:58'),
(4078, 3, 1223304, 'BYT Forest', 0, 0, 0, 0, 0, 0, 0, 0, '2025-10-05 21:15:58'),
(4079, 3, 1223304, 'BYT Island', 0, 0, 0, 0, 0, 0, 0, 0, '2025-10-05 21:15:58'),
(4080, 3, 1232708, 'BYT Forest', 0, 0, 0, 0, 0, 0, 0, 0, '2025-10-05 21:15:58'),
(4081, 3, 1232708, 'BYT Snow', 15, 10, 1328, 891, 6, 15, 1, 2, '2025-10-05 21:15:58'),
(4082, 3, 1269742, 'BYT Desert', 6, 11, 558, 1025, 4, 19, 1, 0, '2025-10-05 21:15:58'),
(4083, 3, 1269742, 'BYT Snow', 0, 0, 0, 0, 0, 0, 0, 0, '2025-10-05 21:15:58'),
(4084, 3, 1275070, 'BYT Island', 0, 0, 0, 0, 0, 0, 0, 0, '2025-10-05 21:15:58'),
(4085, 3, 1275070, 'BYT Snow', 0, 0, 0, 0, 0, 0, 0, 0, '2025-10-05 21:15:58'),
(4086, 3, 1282828, 'BYT Desert', 8, 4, 613, 393, 0, 12, 0, 0, '2025-10-05 21:15:58'),
(4087, 3, 1282828, 'BYT Forest', 8, 11, 757, 915, 2, 19, 2, 0, '2025-10-05 21:15:58'),
(4088, 3, 1282828, 'BYT Island', 0, 0, 0, 0, 0, 0, 0, 0, '2025-10-05 21:15:58'),
(4089, 3, 1288381, 'BYT Desert', 10, 11, 874, 981, 1, 12, 2, 1, '2025-10-05 21:15:58'),
(4090, 3, 1288381, 'BYT Island', 14, 9, 1257, 712, 4, 16, 3, 1, '2025-10-05 21:15:58'),
(4091, 3, 1288381, 'BYT Stadium', 0, 0, 0, 0, 0, 0, 0, 0, '2025-10-05 21:15:58'),
(4092, 3, 1327587, 'BYT Desert', 7, 2, 637, 223, 3, 7, 1, 0, '2025-10-05 21:15:58'),
(4093, 3, 1327587, 'BYT Forest', 16, 13, 1340, 1058, 2, 19, 4, 2, '2025-10-05 21:15:58'),
(4094, 3, 1347805, 'BYT City', 0, 0, 0, 0, 0, 0, 0, 0, '2025-10-05 21:15:58'),
(4095, 3, 1347805, 'BYT Desert', 0, 0, 0, 0, 0, 0, 0, 0, '2025-10-05 21:15:58'),
(4096, 3, 1347805, 'BYT Island', 0, 0, 0, 0, 0, 0, 0, 0, '2025-10-05 21:15:58'),
(4097, 3, 1379228, 'BYT Desert', 12, 13, 1051, 1195, 1, 19, 1, 1, '2025-10-05 21:15:58'),
(4098, 3, 1379228, 'BYT Forest', 17, 10, 1549, 824, 7, 19, 0, 1, '2025-10-05 21:15:58'),
(4099, 3, 1379228, 'BYT Island', 6, 17, 839, 1296, 3, 19, 0, 2, '2025-10-05 21:15:58'),
(4100, 3, 1462072, 'BYT Desert', 11, 4, 958, 435, 2, 12, 2, 0, '2025-10-05 21:15:58'),
(4101, 3, 1462072, 'BYT Island', 3, 2, 257, 170, 2, 5, 0, 0, '2025-10-05 21:15:58'),
(4102, 3, 1472629, 'BYT Desert', 16, 12, 1293, 944, 1, 19, 0, 3, '2025-10-05 21:15:58'),
(4103, 3, 1472629, 'BYT Forest', 0, 0, 0, 0, 0, 0, 0, 0, '2025-10-05 21:15:58'),
(4104, 3, 1472629, 'BYT Island', 9, 12, 817, 1019, 3, 18, 2, 3, '2025-10-05 21:15:58'),
(4105, 3, 1472629, 'BYT Snow', 0, 0, 0, 0, 0, 0, 0, 0, '2025-10-05 21:15:58'),
(4106, 3, 1474293, 'BYT Desert', 3, 12, 314, 990, 2, 12, 1, 1, '2025-10-05 21:15:58'),
(4107, 3, 1474293, 'BYT Island', 8, 12, 857, 1035, 2, 16, 1, 1, '2025-10-05 21:15:58'),
(4108, 3, 1474293, 'BYT Stadium', 0, 0, 0, 0, 0, 0, 0, 0, '2025-10-05 21:15:58'),
(4109, 3, 1474976, 'BYT Desert', 8, 5, 644, 546, 3, 12, 0, 0, '2025-10-05 21:15:58'),
(4110, 3, 1474976, 'BYT Island', 10, 9, 944, 794, 3, 16, 0, 2, '2025-10-05 21:15:58'),
(4111, 3, 1509611, 'BYT Island', 0, 0, 0, 0, 0, 0, 0, 0, '2025-10-05 21:15:58'),
(4112, 3, 1509611, 'BYT Snow', 14, 11, 1288, 996, 3, 19, 0, 0, '2025-10-05 21:15:58'),
(4113, 3, 1513490, 'BYT Desert', 0, 0, 0, 0, 0, 0, 0, 0, '2025-10-05 21:15:58'),
(4114, 3, 1513490, 'BYT Snow', 0, 0, 0, 0, 0, 0, 0, 0, '2025-10-05 21:15:58'),
(4115, 3, 1520575, 'BYT Island', 0, 0, 0, 0, 0, 0, 0, 0, '2025-10-05 21:15:58'),
(4116, 3, 1520575, 'BYT Snow', 0, 0, 0, 0, 0, 0, 0, 0, '2025-10-05 21:15:58'),
(4117, 3, 1525793, 'BYT Desert', 15, 12, 1170, 1013, 3, 19, 1, 4, '2025-10-05 21:15:58'),
(4118, 3, 1525793, 'BYT Forest', 14, 13, 1193, 1217, 5, 19, 3, 2, '2025-10-05 21:15:58'),
(4119, 3, 1525793, 'BYT Island', 16, 11, 1515, 1010, 7, 19, 3, 2, '2025-10-05 21:15:58'),
(4120, 3, 1529359, 'BYT Desert', 11, 15, 927, 1235, 3, 19, 4, 0, '2025-10-05 21:15:58'),
(4121, 3, 1529359, 'BYT Forest', 18, 9, 1500, 863, 3, 19, 3, 1, '2025-10-05 21:15:58'),
(4122, 3, 1529359, 'BYT Island', 14, 12, 1064, 995, 5, 19, 1, 0, '2025-10-05 21:15:58'),
(4123, 3, 1544447, 'BYT Desert', 22, 10, 1931, 880, 4, 17, 3, 2, '2025-10-05 21:15:58'),
(4124, 3, 1544447, 'BYT Forest', 0, 0, 0, 0, 0, 0, 0, 0, '2025-10-05 21:15:58'),
(4125, 3, 1554632, 'BYT Desert', 1, 1, 106, 109, 0, 2, 0, 0, '2025-10-05 21:15:58'),
(4126, 3, 1554632, 'BYT Forest', 0, 0, 0, 0, 0, 0, 0, 0, '2025-10-05 21:15:58'),
(4127, 3, 1554632, 'BYT Snow', 3, 4, 378, 336, 2, 6, 0, 2, '2025-10-05 21:15:58'),
(4128, 3, 1554812, 'BYT Island', 0, 0, 0, 0, 0, 0, 0, 0, '2025-10-05 21:15:58'),
(4129, 3, 1554812, 'BYT Snow', 0, 0, 0, 0, 0, 0, 0, 0, '2025-10-05 21:15:58'),
(4130, 3, 1556384, 'BYT Desert', 12, 12, 1190, 957, 4, 19, 2, 2, '2025-10-05 21:15:58'),
(4131, 3, 1556384, 'BYT Forest', 0, 0, 0, 0, 0, 0, 0, 0, '2025-10-05 21:15:58'),
(4132, 3, 1556384, 'BYT Island', 15, 11, 1334, 887, 2, 18, 4, 3, '2025-10-05 21:15:58'),
(4133, 3, 1556384, 'BYT Snow', 0, 0, 0, 0, 0, 0, 0, 0, '2025-10-05 21:15:58'),
(4134, 3, 1577597, 'BYT Desert', 0, 0, 0, 0, 0, 0, 0, 0, '2025-10-05 21:15:58'),
(4135, 3, 1577597, 'BYT Forest', 0, 6, 103, 540, 0, 6, 0, 0, '2025-10-05 21:15:58'),
(4136, 3, 1637460, 'BYT Desert', 0, 0, 0, 0, 0, 0, 0, 0, '2025-10-05 21:15:58'),
(4137, 3, 1637460, 'BYT Forest', 0, 0, 0, 0, 0, 0, 0, 0, '2025-10-05 21:15:58'),
(4138, 3, 1637460, 'BYT Island', 0, 0, 0, 0, 0, 0, 0, 0, '2025-10-05 21:15:58'),
(4139, 3, 1637460, 'BYT Stadium', 5, 11, 460, 1100, 2, 15, 0, 1, '2025-10-05 21:15:58'),
(4140, 3, 1677879, 'BYT City', 0, 0, 0, 0, 0, 0, 0, 0, '2025-10-05 21:15:58'),
(4141, 3, 1677879, 'BYT Desert', 5, 10, 595, 957, 1, 12, 0, 2, '2025-10-05 21:15:58'),
(4142, 3, 1677879, 'BYT Forest', 0, 0, 0, 0, 0, 0, 0, 0, '2025-10-05 21:15:58'),
(4143, 3, 1677879, 'BYT Island', 9, 11, 854, 1003, 4, 16, 2, 0, '2025-10-05 21:15:58'),
(4144, 3, 1677879, 'BYT Stadium', 0, 0, 0, 0, 0, 0, 0, 0, '2025-10-05 21:15:58'),
(4145, 3, 1681176, 'BYT Desert', 0, 0, 0, 0, 0, 1, 0, 0, '2025-10-05 21:15:58'),
(4146, 3, 1681176, 'BYT Island', 13, 11, 1236, 919, 3, 16, 1, 1, '2025-10-05 21:15:58'),
(4147, 3, 1688497, 'BYT Desert', 0, 0, 0, 0, 0, 0, 0, 0, '2025-10-05 21:15:58'),
(4148, 3, 1688497, 'BYT Forest', 0, 0, 0, 0, 0, 0, 0, 0, '2025-10-05 21:15:58'),
(4149, 3, 1688497, 'BYT Snow', 0, 0, 0, 0, 0, 0, 0, 0, '2025-10-05 21:15:58'),
(4150, 3, 1691357, 'BYT Desert', 6, 11, 510, 964, 0, 12, 1, 3, '2025-10-05 21:15:58'),
(4151, 3, 1691357, 'BYT Island', 22, 6, 1782, 511, 5, 16, 4, 1, '2025-10-05 21:15:58'),
(4152, 3, 1691357, 'BYT Stadium', 0, 0, 0, 0, 0, 0, 0, 0, '2025-10-05 21:15:58'),
(4153, 3, 1696213, 'BYT Desert', 0, 0, 0, 0, 0, 0, 0, 0, '2025-10-05 21:15:58'),
(4154, 3, 1696213, 'BYT Stadium', 5, 1, 394, 151, 1, 5, 0, 1, '2025-10-05 21:15:58'),
(4155, 3, 1719999, 'BYT City', 0, 0, 0, 0, 0, 0, 0, 0, '2025-10-05 21:15:58'),
(4156, 3, 1719999, 'BYT Desert', 0, 0, 0, 0, 0, 0, 0, 0, '2025-10-05 21:15:58'),
(4157, 3, 1719999, 'BYT Forest', 12, 13, 911, 1219, 3, 19, 3, 2, '2025-10-05 21:15:58'),
(4158, 3, 1719999, 'BYT Island', 13, 13, 1012, 1174, 8, 19, 4, 2, '2025-10-05 21:15:58'),
(4159, 3, 1722460, 'BYT City', 0, 0, 0, 0, 0, 0, 0, 0, '2025-10-05 21:15:58'),
(4160, 3, 1737433, 'BYT Desert', 17, 11, 1430, 966, 1, 19, 2, 4, '2025-10-05 21:15:58'),
(4161, 3, 1737433, 'BYT Forest', 13, 12, 1091, 957, 3, 19, 2, 2, '2025-10-05 21:15:58'),
(4162, 3, 1737433, 'BYT Island', 14, 10, 1066, 811, 3, 19, 4, 4, '2025-10-05 21:15:58'),
(4163, 3, 1738245, 'BYT Island', 0, 0, 0, 0, 0, 0, 0, 0, '2025-10-05 21:15:58'),
(4164, 3, 1738245, 'BYT Snow', 19, 11, 1688, 1081, 3, 19, 4, 1, '2025-10-05 21:15:58'),
(4165, 3, 1757644, 'BYT Desert', 0, 0, 0, 0, 0, 0, 0, 0, '2025-10-05 21:15:58'),
(4166, 3, 1757644, 'BYT Forest', 0, 0, 0, 0, 0, 0, 0, 0, '2025-10-05 21:15:58'),
(4167, 3, 1757644, 'BYT Island', 0, 0, 0, 0, 0, 0, 0, 0, '2025-10-05 21:15:58'),
(4168, 3, 1757644, 'BYT Stadium', 6, 10, 464, 685, 2, 15, 0, 0, '2025-10-05 21:15:58'),
(4169, 3, 1770537, 'BYT Desert', 0, 0, 0, 0, 0, 0, 0, 0, '2025-10-05 21:15:58'),
(4170, 3, 1770537, 'BYT Forest', 0, 0, 0, 0, 0, 0, 0, 0, '2025-10-05 21:15:58'),
(4171, 3, 1770537, 'BYT Island', 0, 0, 0, 0, 0, 0, 0, 0, '2025-10-05 21:15:58'),
(4172, 3, 1770537, 'BYT Stadium', 18, 12, 1555, 1122, 1, 15, 3, 0, '2025-10-05 21:15:58'),
(4173, 3, 1783914, 'BYT City', 0, 0, 0, 0, 0, 0, 0, 0, '2025-10-05 21:15:58'),
(4174, 3, 1783914, 'BYT Desert', 11, 7, 840, 638, 3, 12, 3, 3, '2025-10-05 21:15:58'),
(4175, 3, 1783914, 'BYT Forest', 18, 9, 1749, 819, 5, 19, 2, 0, '2025-10-05 21:15:58'),
(4176, 3, 1783914, 'BYT Island', 10, 10, 1007, 992, 4, 16, 2, 2, '2025-10-05 21:15:58'),
(4177, 3, 1786021, 'BYT Desert', 9, 5, 924, 546, 6, 12, 3, 2, '2025-10-05 21:15:58'),
(4178, 3, 1786021, 'BYT Island', 12, 10, 1054, 962, 4, 16, 1, 4, '2025-10-05 21:15:58'),
(4179, 3, 1803585, 'BYT City', 0, 0, 0, 0, 0, 0, 0, 0, '2025-10-05 21:15:58'),
(4180, 3, 1803585, 'BYT Desert', 13, 6, 1235, 492, 4, 12, 0, 1, '2025-10-05 21:15:58'),
(4181, 3, 1803585, 'BYT Forest', 8, 11, 965, 1024, 9, 19, 2, 3, '2025-10-05 21:15:58'),
(4182, 3, 1803585, 'BYT Island', 6, 12, 518, 1057, 2, 16, 0, 2, '2025-10-05 21:15:58'),
(4183, 3, 1807303, 'BYT Desert', 0, 0, 0, 0, 0, 0, 0, 0, '2025-10-05 21:15:58'),
(4184, 3, 1807303, 'BYT Stadium', 14, 10, 1209, 956, 3, 15, 3, 3, '2025-10-05 21:15:58'),
(4185, 3, 1814235, 'BYT Desert', 10, 10, 831, 877, 2, 17, 0, 2, '2025-10-05 21:15:58'),
(4186, 3, 1814235, 'BYT Forest', 0, 0, 0, 0, 0, 0, 0, 0, '2025-10-05 21:15:58'),
(4187, 3, 1832685, 'BYT City', 0, 0, 0, 0, 0, 0, 0, 0, '2025-10-05 21:15:58'),
(4188, 3, 1832685, 'BYT Desert', 0, 0, 0, 0, 0, 0, 0, 0, '2025-10-05 21:15:58'),
(4189, 3, 1832685, 'BYT Forest', 0, 0, 0, 0, 0, 0, 0, 0, '2025-10-05 21:15:58'),
(4190, 3, 1832685, 'BYT Island', 0, 0, 0, 0, 0, 0, 0, 0, '2025-10-05 21:15:58'),
(4191, 3, 1835039, 'BYT City', 0, 0, 0, 0, 0, 0, 0, 0, '2025-10-05 21:15:58'),
(4192, 3, 1835039, 'BYT Desert', 3, 11, 364, 1040, 2, 12, 0, 1, '2025-10-05 21:15:58'),
(4193, 3, 1835039, 'BYT Forest', 0, 0, 0, 0, 0, 0, 0, 0, '2025-10-05 21:15:58'),
(4194, 3, 1835039, 'BYT Island', 9, 12, 996, 947, 6, 16, 3, 2, '2025-10-05 21:15:58'),
(4195, 3, 1835039, 'BYT Stadium', 0, 0, 0, 0, 0, 0, 0, 0, '2025-10-05 21:15:58'),
(4196, 3, 1858904, 'BYT Desert', 9, 6, 694, 516, 3, 15, 2, 2, '2025-10-05 21:15:58'),
(4197, 3, 1858904, 'BYT Island', 0, 0, 0, 0, 0, 0, 0, 0, '2025-10-05 21:15:58'),
(4198, 3, 1858904, 'BYT Snow', 9, 11, 672, 1011, 2, 18, 1, 3, '2025-10-05 21:15:58'),
(4199, 3, 1871942, 'BYT Desert', 0, 0, 0, 0, 0, 0, 0, 0, '2025-10-05 21:15:58'),
(4200, 3, 1871942, 'BYT Forest', 0, 0, 0, 0, 0, 0, 0, 0, '2025-10-05 21:15:58'),
(4201, 3, 1871942, 'BYT Island', 0, 0, 0, 0, 0, 0, 0, 0, '2025-10-05 21:15:58'),
(4202, 3, 1897225, 'BYT Desert', 14, 5, 1110, 376, 0, 12, 2, 0, '2025-10-05 21:15:58'),
(4203, 3, 1897225, 'BYT Snow', 0, 0, 0, 0, 0, 0, 0, 0, '2025-10-05 21:15:58'),
(4204, 3, 1916824, 'BYT Desert', 5, 12, 552, 961, 4, 15, 2, 2, '2025-10-05 21:15:58'),
(4205, 3, 1916824, 'BYT Snow', 7, 11, 833, 990, 7, 18, 1, 2, '2025-10-05 21:15:58'),
(4206, 3, 1923074, 'BYT Desert', 0, 0, 0, 0, 0, 0, 0, 0, '2025-10-05 21:15:58'),
(4207, 3, 1923074, 'BYT Snow', 0, 0, 0, 0, 0, 0, 0, 0, '2025-10-05 21:15:58'),
(4208, 3, 1928138, 'BYT City', 0, 0, 0, 0, 0, 0, 0, 0, '2025-10-05 21:15:58'),
(4209, 3, 1928138, 'BYT Desert', 7, 8, 779, 768, 2, 12, 1, 3, '2025-10-05 21:15:58'),
(4210, 3, 1928138, 'BYT Forest', 0, 0, 0, 0, 0, 0, 0, 0, '2025-10-05 21:15:58'),
(4211, 3, 1928138, 'BYT Island', 16, 12, 1372, 1082, 1, 16, 3, 2, '2025-10-05 21:15:58'),
(4212, 3, 1928138, 'BYT Stadium', 0, 0, 0, 0, 0, 0, 0, 0, '2025-10-05 21:15:58'),
(4213, 3, 1934984, 'BYT Desert', 0, 0, 0, 0, 0, 0, 0, 0, '2025-10-05 21:15:58'),
(4214, 3, 1951282, 'BYT Island', 0, 0, 0, 0, 0, 0, 0, 0, '2025-10-05 21:15:58'),
(4215, 3, 1951282, 'BYT Snow', 12, 12, 1013, 986, 3, 19, 3, 5, '2025-10-05 21:15:58'),
(4216, 3, 1978524, 'BYT Desert', 14, 11, 1099, 1046, 2, 19, 3, 1, '2025-10-05 21:15:58'),
(4217, 3, 1978524, 'BYT Snow', 0, 0, 0, 0, 0, 0, 0, 0, '2025-10-05 21:15:58'),
(4218, 3, 1984814, 'BYT Desert', 5, 13, 360, 1189, 2, 15, 1, 2, '2025-10-05 21:15:58'),
(4219, 3, 1984814, 'BYT Forest', 0, 0, 0, 0, 0, 0, 0, 0, '2025-10-05 21:15:58'),
(4220, 3, 1984814, 'BYT Snow', 13, 13, 1138, 1151, 2, 18, 1, 2, '2025-10-05 21:15:58'),
(4221, 3, 2003478, 'BYT Desert', 0, 0, 0, 0, 0, 0, 0, 0, '2025-10-05 21:15:58'),
(4222, 3, 2003478, 'BYT Island', 0, 0, 0, 0, 0, 0, 0, 0, '2025-10-05 21:15:58'),
(4223, 3, 2086845, 'BYT City', 0, 0, 0, 0, 0, 0, 0, 0, '2025-10-05 21:15:58'),
(4224, 3, 2086845, 'BYT Desert', 20, 12, 1621, 1047, 4, 19, 6, 3, '2025-10-05 21:15:58'),
(4225, 3, 2086845, 'BYT Forest', 9, 14, 591, 1191, 0, 19, 0, 2, '2025-10-05 21:15:58'),
(4226, 3, 2086845, 'BYT Island', 14, 11, 1207, 953, 1, 19, 1, 1, '2025-10-05 21:15:58'),
(4227, 3, 2101026, 'BYT Desert', 17, 10, 1515, 960, 5, 17, 2, 0, '2025-10-05 21:15:58'),
(4228, 3, 2101026, 'BYT Snow', 0, 0, 0, 0, 0, 0, 0, 0, '2025-10-05 21:15:58'),
(4229, 3, 2116360, 'BYT Desert', 4, 11, 267, 962, 1, 12, 0, 2, '2025-10-05 21:15:58'),
(4230, 3, 2116360, 'BYT Forest', 3, 8, 200, 662, 1, 10, 0, 3, '2025-10-05 21:15:58'),
(4231, 3, 2122505, 'BYT Desert', 0, 0, 0, 0, 0, 0, 0, 0, '2025-10-05 21:15:58'),
(4232, 3, 2122505, 'BYT Island', 0, 0, 0, 0, 0, 0, 0, 0, '2025-10-05 21:15:58'),
(4233, 3, 2122536, 'BYT Desert', 0, 0, 0, 0, 0, 0, 0, 0, '2025-10-05 21:15:58'),
(4234, 3, 2135034, 'BYT Desert', 7, 7, 678, 717, 2, 12, 2, 0, '2025-10-05 21:15:58'),
(4235, 3, 2135034, 'BYT Island', 3, 9, 406, 889, 3, 13, 1, 1, '2025-10-05 21:15:58'),
(4236, 3, 2189042, 'BYT Desert', 0, 0, 0, 0, 0, 0, 0, 0, '2025-10-05 21:15:58'),
(4237, 3, 2189042, 'BYT Forest', 0, 0, 0, 0, 0, 0, 0, 0, '2025-10-05 21:15:58'),
(4238, 3, 2189042, 'BYT Island', 0, 0, 0, 0, 0, 0, 0, 0, '2025-10-05 21:15:58'),
(4239, 3, 2189042, 'BYT Stadium', 6, 13, 601, 1082, 6, 15, 0, 5, '2025-10-05 21:15:58'),
(4240, 3, 2191845, 'BYT Desert', 13, 12, 1054, 1152, 5, 17, 3, 1, '2025-10-05 21:15:58'),
(4241, 3, 2191845, 'BYT Snow', 0, 0, 0, 0, 0, 0, 0, 0, '2025-10-05 21:15:58'),
(4242, 3, 2226106, 'BYT City', 0, 0, 0, 0, 0, 0, 0, 0, '2025-10-05 21:15:58'),
(4243, 3, 2226106, 'BYT Desert', 0, 0, 0, 0, 0, 0, 0, 0, '2025-10-05 21:15:58'),
(4244, 3, 2226106, 'BYT Forest', 0, 0, 0, 0, 0, 0, 0, 0, '2025-10-05 21:15:58'),
(4245, 3, 2226106, 'BYT Island', 0, 0, 0, 0, 0, 0, 0, 0, '2025-10-05 21:15:58'),
(4246, 3, 2231675, 'BYT Desert', 0, 0, 0, 0, 0, 0, 0, 0, '2025-10-05 21:15:58'),
(4247, 3, 2231675, 'BYT Forest', 0, 0, 0, 0, 0, 0, 0, 0, '2025-10-05 21:15:58'),
(4248, 3, 2234378, 'BYT Desert', 0, 0, 0, 0, 0, 0, 0, 0, '2025-10-05 21:15:58'),
(4249, 3, 2234378, 'BYT Forest', 0, 0, 0, 0, 0, 0, 0, 0, '2025-10-05 21:15:58'),
(4250, 3, 2234378, 'BYT Island', 0, 0, 0, 0, 0, 0, 0, 0, '2025-10-05 21:15:58'),
(4251, 3, 2259696, 'BYT Desert', 2, 0, 97, 30, 0, 4, 0, 0, '2025-10-05 21:15:58'),
(4252, 3, 2259696, 'BYT Snow', 0, 0, 0, 0, 0, 0, 0, 0, '2025-10-05 21:15:58'),
(4253, 3, 2279038, 'BYT Desert', 16, 4, 1414, 451, 5, 12, 5, 0, '2025-10-05 21:15:58'),
(4254, 3, 2279038, 'BYT Snow', 0, 0, 0, 0, 0, 0, 0, 0, '2025-10-05 21:15:58'),
(4255, 3, 2300331, 'BYT Desert', 1, 12, 188, 1023, 0, 12, 0, 4, '2025-10-05 21:15:58'),
(4256, 3, 2300331, 'BYT Forest', 1, 6, 84, 498, 1, 7, 0, 2, '2025-10-05 21:15:58'),
(4257, 3, 2315243, 'BYT Desert', 0, 0, 0, 0, 0, 0, 0, 0, '2025-10-05 21:15:58'),
(4258, 3, 2315243, 'BYT Island', 0, 0, 0, 0, 0, 0, 0, 0, '2025-10-05 21:15:58'),
(4259, 3, 2315243, 'BYT Snow', 11, 8, 949, 789, 0, 15, 0, 2, '2025-10-05 21:15:58'),
(4260, 3, 2320522, 'BYT Island', 0, 0, 0, 0, 0, 0, 0, 0, '2025-10-05 21:15:58'),
(4261, 3, 2320522, 'BYT Snow', 4, 5, 242, 439, 1, 10, 0, 1, '2025-10-05 21:15:58'),
(4262, 3, 2392773, 'BYT City', 0, 0, 0, 0, 0, 0, 0, 0, '2025-10-05 21:15:58'),
(4263, 3, 2392773, 'BYT Desert', 10, 12, 793, 1039, 3, 19, 1, 4, '2025-10-05 21:15:58'),
(4264, 3, 2392773, 'BYT Island', 8, 15, 807, 1280, 4, 19, 1, 3, '2025-10-05 21:15:58'),
(4265, 3, 2412281, 'BYT Desert', 0, 0, 0, 0, 0, 0, 0, 0, '2025-10-05 21:15:58'),
(4266, 3, 2412281, 'BYT Island', 0, 0, 0, 0, 0, 0, 0, 0, '2025-10-05 21:15:58'),
(4267, 3, 2491664, 'BYT Island', 0, 0, 0, 0, 0, 0, 0, 0, '2025-10-05 21:15:58'),
(4268, 3, 2491664, 'BYT Snow', 3, 7, 381, 532, 3, 10, 2, 0, '2025-10-05 21:15:58'),
(4269, 3, 2498648, 'BYT Desert', 0, 0, 0, 0, 0, 0, 0, 0, '2025-10-05 21:15:58'),
(4270, 3, 2498648, 'BYT Forest', 2, 6, 138, 480, 0, 6, 0, 1, '2025-10-05 21:15:58'),
(4271, 3, 2508655, 'BYT Desert', 7, 4, 936, 373, 6, 12, 2, 2, '2025-10-05 21:15:58'),
(4272, 3, 2508655, 'BYT Snow', 0, 0, 0, 0, 0, 0, 0, 0, '2025-10-05 21:15:58'),
(4273, 3, 2509869, 'BYT Desert', 0, 0, 0, 0, 0, 0, 0, 0, '2025-10-05 21:15:58'),
(4274, 3, 2511723, 'BYT Desert', 8, 13, 678, 1175, 0, 17, 1, 0, '2025-10-05 21:15:58'),
(4275, 3, 2511723, 'BYT Snow', 0, 0, 0, 0, 0, 0, 0, 0, '2025-10-05 21:15:58'),
(4276, 3, 2517368, 'BYT Desert', 3, 11, 311, 1041, 4, 12, 0, 1, '2025-10-05 21:15:58'),
(4277, 3, 2517368, 'BYT Forest', 3, 8, 322, 679, 1, 10, 0, 1, '2025-10-05 21:15:58'),
(4278, 3, 2525779, 'BYT Forest', 1, 4, 86, 374, 0, 6, 1, 0, '2025-10-05 21:15:58'),
(4279, 3, 2527500, 'BYT Desert', 9, 15, 772, 1280, 1, 17, 4, 2, '2025-10-05 21:15:58'),
(4280, 3, 2527500, 'BYT Snow', 0, 0, 0, 0, 0, 0, 0, 0, '2025-10-05 21:15:58'),
(4281, 3, 2532448, 'BYT Desert', 0, 0, 0, 0, 0, 0, 0, 0, '2025-10-05 21:15:58'),
(4282, 3, 2532448, 'BYT Snow', 0, 0, 0, 0, 0, 0, 0, 0, '2025-10-05 21:15:58'),
(4283, 3, 2550011, 'BYT Desert', 8, 11, 697, 1026, 1, 12, 2, 2, '2025-10-05 21:15:58'),
(4284, 3, 2550011, 'BYT Forest', 3, 9, 335, 725, 0, 10, 0, 1, '2025-10-05 21:15:58'),
(4285, 3, 2560206, 'BYT Island', 0, 0, 0, 0, 0, 0, 0, 0, '2025-10-05 21:15:58'),
(4286, 3, 2560206, 'BYT Snow', 0, 0, 0, 0, 0, 0, 0, 0, '2025-10-05 21:15:58'),
(4287, 3, 2560206, 'BYT Stadium', 5, 7, 495, 754, 4, 15, 0, 1, '2025-10-05 21:15:58'),
(4298, 3, 278973, 'BYT Island', 9, 13, 705, 1099, 1, 18, 2, 1, '2025-10-08 22:01:56'),
(4304, 3, 301721, 'BYT Forest', 7, 11, 665, 895, 5, 19, 3, 1, '2025-10-08 22:01:56'),
(4372, 3, 788804, 'BYT Forest', 11, 13, 932, 1416, 1, 19, 2, 1, '2025-10-08 22:01:56'),
(4423, 3, 1123134, 'BYT Island', 12, 12, 1035, 958, 5, 18, 3, 2, '2025-10-08 22:01:56'),
(4431, 3, 1160798, 'BYT Forest', 13, 3, 995, 316, 0, 10, 1, 1, '2025-10-08 22:01:56'),
(4452, 3, 1269742, 'BYT Island', 4, 10, 454, 959, 4, 18, 1, 3, '2025-10-08 22:01:56'),
(4460, 3, 1288381, 'BYT Forest', 13, 11, 1240, 1025, 1, 19, 2, 2, '2025-10-08 22:01:56'),
(4478, 3, 1474293, 'BYT Forest', 11, 12, 700, 1062, 2, 19, 0, 3, '2025-10-08 22:01:56'),
(4486, 3, 1513490, 'BYT Island', 19, 10, 1420, 956, 1, 18, 1, 1, '2025-10-08 22:01:56'),
(4524, 3, 1691357, 'BYT Forest', 15, 10, 1503, 908, 6, 19, 3, 1, '2025-10-08 22:01:56'),
(4534, 3, 1722460, 'BYT Island', 5, 15, 563, 1368, 3, 16, 1, 1, '2025-10-08 22:01:56'),
(4578, 3, 1897225, 'BYT Forest', 9, 2, 780, 209, 2, 10, 1, 0, '2025-10-08 22:01:56'),
(4593, 3, 1978524, 'BYT Island', 15, 12, 1260, 1033, 3, 18, 3, 1, '2025-10-08 22:01:56'),
(4629, 3, 2259696, 'BYT Forest', 10, 2, 790, 207, 4, 10, 1, 0, '2025-10-08 22:01:56'),
(4632, 3, 2279038, 'BYT Forest', 12, 2, 1241, 175, 3, 10, 4, 1, '2025-10-08 22:01:56'),
(4634, 3, 2289178, 'BYT Desert', 7, 3, 571, 365, 4, 11, 0, 0, '2025-10-08 22:01:56'),
(4652, 3, 2508655, 'BYT Forest', 3, 4, 152, 361, 4, 10, 0, 0, '2025-10-08 22:01:56'),
(4659, 3, 2525779, 'BYT Desert', 4, 11, 504, 976, 3, 12, 0, 1, '2025-10-08 22:01:56'),
(4719, 3, 452214, 'BYT Snow', 10, 16, 934, 1311, 4, 19, 3, 2, '2025-10-11 20:42:33'),
(4723, 3, 461759, 'BYT Stadium', 3, 13, 326, 1176, 0, 15, 0, 0, '2025-10-11 20:42:33'),
(4751, 3, 678193, 'BYT Snow', 6, 13, 511, 1211, 1, 15, 1, 0, '2025-10-11 20:42:33'),
(4752, 3, 678193, 'BYT Stadium', 8, 10, 767, 876, 0, 15, 2, 0, '2025-10-11 20:42:33'),
(4766, 3, 793812, 'BYT Stadium', 9, 13, 874, 1201, 1, 15, 2, 2, '2025-10-11 20:42:33'),
(4784, 3, 902557, 'BYT Stadium', 6, 13, 638, 1234, 1, 15, 0, 3, '2025-10-11 20:42:33'),
(4792, 3, 951862, 'BYT Stadium', 0, 3, 12, 325, 0, 4, 0, 0, '2025-10-11 20:42:33'),
(4840, 3, 1232708, 'BYT Stadium', 13, 10, 1331, 874, 6, 15, 4, 2, '2025-10-11 20:42:33'),
(4875, 3, 1509611, 'BYT Stadium', 7, 10, 706, 796, 5, 15, 0, 3, '2025-10-11 20:42:33'),
(4881, 3, 1520575, 'BYT Stadium', 9, 8, 821, 727, 5, 15, 0, 1, '2025-10-11 20:42:33'),
(4895, 3, 1554812, 'BYT Stadium', 5, 9, 439, 731, 3, 12, 3, 1, '2025-10-11 20:42:33'),
(4905, 3, 1637460, 'BYT Snow', 12, 11, 913, 1004, 2, 19, 0, 0, '2025-10-11 20:42:33'),
(4922, 3, 1696213, 'BYT Snow', 6, 1, 543, 137, 1, 7, 0, 0, '2025-10-11 20:42:33'),
(4935, 3, 1738245, 'BYT Stadium', 21, 10, 1970, 901, 4, 15, 4, 3, '2025-10-11 20:42:33'),
(4939, 3, 1757644, 'BYT Snow', 8, 13, 772, 1101, 3, 19, 0, 1, '2025-10-11 20:42:33'),
(4944, 3, 1770537, 'BYT Snow', 17, 13, 1426, 1079, 5, 19, 5, 2, '2025-10-11 20:42:33'),
(4957, 3, 1807303, 'BYT Snow', 11, 7, 1159, 653, 3, 15, 1, 1, '2025-10-11 20:42:33'),
(4991, 3, 1951282, 'BYT Stadium', 16, 5, 1201, 555, 2, 15, 1, 0, '2025-10-11 20:42:33'),
(5011, 3, 2122536, 'BYT Snow', 8, 7, 638, 621, 1, 15, 1, 0, '2025-10-11 20:42:33'),
(5012, 3, 2122536, 'BYT Stadium', 1, 6, 193, 607, 1, 8, 0, 1, '2025-10-11 20:42:33'),
(5018, 3, 2189042, 'BYT Snow', 11, 12, 982, 1127, 2, 19, 0, 6, '2025-10-11 20:42:33'),
(5043, 3, 2315243, 'BYT Stadium', 15, 4, 1282, 509, 3, 11, 3, 1, '2025-10-11 20:42:33'),
(5046, 3, 2320522, 'BYT Stadium', 9, 11, 753, 963, 1, 15, 0, 1, '2025-10-11 20:42:33'),
(5054, 3, 2491664, 'BYT Stadium', 0, 0, 0, 0, 0, 0, 0, 0, '2025-10-11 20:42:33'),
(5076, 3, 2232, 'BYT Desert', 8, 11, 820, 879, 5, 17, 1, 2, '2025-10-13 11:41:34'),
(5077, 3, 2232, 'BYT Island', 14, 4, 1172, 378, 1, 12, 3, 1, '2025-10-13 11:41:34'),
(5145, 3, 503765, 'BYT Island', 11, 5, 979, 504, 0, 12, 3, 0, '2025-10-13 11:41:34'),
(5146, 3, 526649, 'BYT Desert', 14, 11, 1274, 927, 4, 17, 0, 5, '2025-10-13 11:41:34'),
(5147, 3, 526649, 'BYT Island', 15, 4, 1267, 396, 2, 12, 1, 1, '2025-10-13 11:41:34'),
(5301, 3, 1544447, 'BYT Island', 3, 5, 400, 666, 7, 12, 0, 1, '2025-10-13 11:41:34'),
(5373, 3, 1814235, 'BYT Island', 13, 4, 1092, 360, 3, 12, 2, 0, '2025-10-13 11:41:34'),
(5418, 3, 2101026, 'BYT Island', 11, 10, 1010, 913, 0, 12, 1, 2, '2025-10-13 11:41:34'),
(5435, 3, 2191845, 'BYT Island', 5, 11, 685, 984, 3, 12, 1, 0, '2025-10-13 11:41:34'),
(5477, 3, 2511723, 'BYT Island', 2, 11, 189, 869, 1, 12, 0, 4, '2025-10-13 11:41:34'),
(5483, 3, 2525807, 'BYT Desert', 4, 17, 391, 1357, 1, 17, 2, 2, '2025-10-13 11:41:34'),
(5484, 3, 2525807, 'BYT Island', 1, 12, 112, 1052, 1, 12, 1, 0, '2025-10-13 11:41:34'),
(5486, 3, 2527500, 'BYT Island', 3, 12, 308, 1092, 0, 12, 0, 3, '2025-10-13 11:41:34');

-- --------------------------------------------------------

--
-- Table structure for table `matchweek_snapshots`
--

CREATE TABLE `matchweek_snapshots` (
  `snapshot_id` int(11) NOT NULL,
  `matchweek_id` int(11) NOT NULL,
  `guid` int(10) UNSIGNED NOT NULL,
  `kills` int(10) UNSIGNED DEFAULT 0,
  `deaths` int(10) UNSIGNED DEFAULT 0,
  `assists` int(10) UNSIGNED DEFAULT 0,
  `damage_dealt` int(10) UNSIGNED DEFAULT 0,
  `damage_taken` int(10) UNSIGNED DEFAULT 0,
  `rounds_played` int(10) UNSIGNED DEFAULT 0,
  `first_picks` int(10) UNSIGNED DEFAULT 0,
  `first_deaths` int(10) UNSIGNED DEFAULT 0,
  `created_at` timestamp NULL DEFAULT current_timestamp()
) ENGINE=InnoDB DEFAULT CHARSET=utf8mb4 COLLATE=utf8mb4_unicode_ci;

--
-- Dumping data for table `matchweek_snapshots`
--

INSERT INTO `matchweek_snapshots` (`snapshot_id`, `matchweek_id`, `guid`, `kills`, `deaths`, `assists`, `damage_dealt`, `damage_taken`, `rounds_played`, `first_picks`, `first_deaths`, `created_at`) VALUES
(721, 1, 2232, 14, 16, 3, 1506, 2050, 26, 2, 4, '2025-09-10 19:39:35'),
(722, 1, 9531, 24, 36, 6, 2183, 3110, 47, 8, 4, '2025-09-10 19:39:35'),
(723, 1, 10681, 6, 7, 2, 409, 565, 12, 1, 2, '2025-09-10 19:39:35'),
(724, 1, 62821, 27, 29, 9, 2393, 2326, 40, 7, 10, '2025-09-10 19:39:35'),
(725, 1, 134625, 0, 0, 0, 0, 0, 0, 0, 0, '2025-09-10 19:39:35'),
(726, 1, 278973, 10, 6, 3, 923, 555, 12, 0, 3, '2025-09-10 19:39:35'),
(727, 1, 290348, 36, 33, 13, 3348, 3084, 47, 4, 5, '2025-09-10 19:39:35'),
(728, 1, 301721, 22, 31, 8, 2103, 2529, 51, 4, 7, '2025-09-10 19:39:35'),
(729, 1, 335479, 4, 21, 5, 501, 1875, 24, 0, 4, '2025-09-10 19:39:35'),
(730, 1, 349853, 26, 20, 4, 2199, 1645, 26, 7, 2, '2025-09-10 19:39:35'),
(731, 1, 351969, 30, 25, 6, 2597, 2390, 47, 7, 1, '2025-09-10 19:39:35'),
(732, 1, 372274, 18, 10, 6, 1499, 965, 26, 1, 1, '2025-09-10 19:39:35'),
(733, 1, 375537, 41, 38, 9, 3488, 3332, 51, 4, 9, '2025-09-10 19:39:35'),
(734, 1, 395813, 21, 13, 2, 1806, 1243, 26, 4, 0, '2025-09-10 19:39:35'),
(735, 1, 415702, 24, 26, 5, 1879, 2032, 33, 3, 4, '2025-09-10 19:39:35'),
(736, 1, 434315, 0, 0, 0, 0, 0, 0, 0, 0, '2025-09-10 19:39:35'),
(737, 1, 436448, 0, 0, 0, 0, 0, 0, 0, 0, '2025-09-10 19:39:35'),
(738, 1, 449912, 16, 9, 1, 1442, 792, 18, 4, 5, '2025-09-10 19:39:35'),
(739, 1, 452214, 17, 25, 4, 1596, 2243, 31, 5, 6, '2025-09-10 19:39:35'),
(740, 1, 461759, 13, 25, 10, 1114, 2242, 33, 1, 4, '2025-09-10 19:39:35'),
(741, 1, 488794, 31, 28, 9, 2855, 2500, 46, 1, 5, '2025-09-10 19:39:35'),
(742, 1, 498093, 0, 0, 0, 0, 0, 0, 0, 0, '2025-09-10 19:39:35'),
(743, 1, 499882, 11, 21, 5, 1009, 1813, 31, 0, 2, '2025-09-10 19:39:35'),
(744, 1, 500306, 13, 9, 0, 1012, 842, 19, 2, 3, '2025-09-10 19:39:35'),
(745, 1, 503145, 0, 0, 0, 0, 0, 0, 0, 0, '2025-09-10 19:39:35'),
(746, 1, 503765, 15, 17, 2, 1591, 1649, 26, 2, 4, '2025-09-10 19:39:35'),
(747, 1, 526649, 6, 17, 3, 535, 1796, 22, 2, 4, '2025-09-10 19:39:35'),
(748, 1, 636812, 27, 23, 7, 2390, 2071, 40, 2, 3, '2025-09-10 19:39:35'),
(749, 1, 651079, 2, 7, 1, 359, 657, 8, 0, 1, '2025-09-10 19:39:35'),
(750, 1, 671857, 0, 0, 0, 0, 0, 0, 0, 0, '2025-09-10 19:39:35'),
(751, 1, 678193, 0, 0, 0, 0, 0, 0, 0, 0, '2025-09-10 19:39:35'),
(752, 1, 774878, 6, 11, 2, 859, 1094, 17, 1, 1, '2025-09-10 19:39:35'),
(753, 1, 780242, 7, 10, 1, 874, 1150, 15, 1, 1, '2025-09-10 19:39:35'),
(754, 1, 788804, 37, 34, 8, 3286, 2980, 51, 7, 5, '2025-09-10 19:39:35'),
(755, 1, 792123, 23, 35, 5, 1973, 2903, 47, 1, 3, '2025-09-10 19:39:35'),
(756, 1, 793812, 17, 26, 5, 1376, 2167, 33, 2, 4, '2025-09-10 19:39:35'),
(757, 1, 838879, 20, 24, 3, 1844, 2077, 31, 6, 5, '2025-09-10 19:39:35'),
(758, 1, 840822, 16, 18, 6, 1480, 1634, 29, 0, 4, '2025-09-10 19:39:35'),
(759, 1, 863865, 3, 2, 1, 221, 121, 3, 0, 0, '2025-09-10 19:39:35'),
(760, 1, 892796, 0, 0, 0, 0, 0, 0, 0, 0, '2025-09-10 19:39:35'),
(761, 1, 902557, 20, 22, 5, 1900, 1989, 33, 4, 2, '2025-09-10 19:39:35'),
(762, 1, 927368, 32, 26, 17, 3178, 2112, 44, 9, 3, '2025-09-10 19:39:35'),
(763, 1, 937791, 0, 0, 0, 0, 0, 0, 0, 0, '2025-09-10 19:39:35'),
(764, 1, 951862, 21, 19, 7, 1687, 1876, 33, 3, 1, '2025-09-10 19:39:35'),
(765, 1, 952369, 29, 15, 3, 2447, 1330, 31, 4, 4, '2025-09-10 19:39:35'),
(766, 1, 992114, 0, 0, 0, 0, 0, 0, 0, 0, '2025-09-10 19:39:35'),
(767, 1, 1092013, 0, 0, 0, 0, 0, 0, 0, 0, '2025-09-10 19:39:35'),
(768, 1, 1123124, 26, 24, 15, 2303, 2278, 40, 4, 6, '2025-09-10 19:39:35'),
(769, 1, 1123134, 24, 14, 7, 1937, 1316, 26, 7, 2, '2025-09-10 19:39:35'),
(770, 1, 1160798, 21, 13, 4, 1890, 1279, 26, 6, 1, '2025-09-10 19:39:35'),
(771, 1, 1194981, 5, 5, 0, 396, 349, 8, 2, 2, '2025-09-10 19:39:35'),
(772, 1, 1216145, 10, 9, 0, 835, 805, 16, 0, 4, '2025-09-10 19:39:35'),
(773, 1, 1223304, 24, 30, 11, 2379, 2508, 39, 6, 4, '2025-09-10 19:39:35'),
(774, 1, 1232708, 9, 12, 4, 979, 978, 15, 1, 3, '2025-09-10 19:39:35'),
(775, 1, 1269742, 11, 8, 4, 1036, 634, 14, 2, 1, '2025-09-10 19:39:35'),
(776, 1, 1275070, 0, 0, 0, 0, 0, 0, 0, 0, '2025-09-10 19:39:35'),
(777, 1, 1282828, 12, 23, 1, 887, 1854, 31, 0, 1, '2025-09-10 19:39:35'),
(778, 1, 1288381, 41, 21, 11, 3428, 2002, 44, 4, 3, '2025-09-10 19:39:35'),
(779, 1, 1334819, 0, 0, 0, 0, 0, 0, 0, 0, '2025-09-10 19:39:35'),
(780, 1, 1341627, 0, 0, 0, 0, 0, 0, 0, 0, '2025-09-10 19:39:35'),
(781, 1, 1347805, 0, 0, 0, 0, 0, 0, 0, 0, '2025-09-10 19:39:35'),
(782, 1, 1349640, 0, 0, 0, 0, 0, 0, 0, 0, '2025-09-10 19:39:35'),
(783, 1, 1350448, 0, 0, 0, 0, 0, 0, 0, 0, '2025-09-10 19:39:35'),
(784, 1, 1352599, 0, 0, 0, 0, 0, 0, 0, 0, '2025-09-10 19:39:35'),
(785, 1, 1379228, 8, 9, 4, 945, 705, 11, 2, 2, '2025-09-10 19:39:35'),
(786, 1, 1396687, 0, 0, 0, 0, 0, 0, 0, 0, '2025-09-10 19:39:35'),
(787, 1, 1413052, 0, 0, 0, 0, 0, 0, 0, 0, '2025-09-10 19:39:35'),
(788, 1, 1417016, 0, 0, 0, 0, 0, 0, 0, 0, '2025-09-10 19:39:35'),
(789, 1, 1462072, 3, 7, 1, 242, 583, 10, 0, 1, '2025-09-10 19:39:35'),
(790, 1, 1472629, 36, 25, 9, 2915, 2327, 47, 3, 6, '2025-09-10 19:39:35'),
(791, 1, 1474293, 36, 33, 10, 3445, 3132, 51, 6, 2, '2025-09-10 19:39:35'),
(792, 1, 1474976, 21, 9, 4, 1486, 859, 21, 1, 1, '2025-09-10 19:39:35'),
(793, 1, 1509611, 29, 15, 7, 2448, 1291, 33, 3, 0, '2025-09-10 19:39:35'),
(794, 1, 1513490, 23, 12, 8, 2104, 1208, 26, 3, 2, '2025-09-10 19:39:35'),
(795, 1, 1525793, 33, 25, 13, 2733, 2613, 40, 4, 3, '2025-09-10 19:39:35'),
(796, 1, 1529359, 24, 16, 8, 1972, 1398, 30, 3, 6, '2025-09-10 19:39:35'),
(797, 1, 1544447, 0, 0, 0, 0, 0, 0, 0, 0, '2025-09-10 19:39:35'),
(798, 1, 1554632, 0, 2, 0, 11, 174, 3, 0, 0, '2025-09-10 19:39:35'),
(799, 1, 1556384, 33, 25, 12, 2635, 2411, 46, 8, 4, '2025-09-10 19:39:35'),
(800, 1, 1577597, 0, 0, 0, 0, 0, 0, 0, 0, '2025-09-10 19:39:35'),
(801, 1, 1581354, 0, 0, 0, 0, 0, 0, 0, 0, '2025-09-10 19:39:35'),
(802, 1, 1637460, 16, 20, 0, 1234, 1776, 29, 1, 0, '2025-09-10 19:39:35'),
(803, 1, 1681176, 0, 0, 0, 0, 0, 0, 0, 0, '2025-09-10 19:39:35'),
(804, 1, 1688497, 10, 22, 1, 992, 1969, 26, 2, 2, '2025-09-10 19:39:35'),
(805, 1, 1691357, 34, 30, 16, 3352, 2610, 51, 7, 1, '2025-09-10 19:39:35'),
(806, 1, 1696213, 25, 19, 9, 2387, 1595, 31, 5, 4, '2025-09-10 19:39:35'),
(807, 1, 1719999, 0, 0, 0, 0, 0, 0, 0, 0, '2025-09-10 19:39:35'),
(808, 1, 1722460, 0, 0, 0, 0, 0, 0, 0, 0, '2025-09-10 19:39:35'),
(809, 1, 1737433, 32, 21, 6, 2566, 1745, 40, 5, 0, '2025-09-10 19:39:35'),
(810, 1, 1738245, 31, 21, 4, 2640, 1598, 33, 10, 8, '2025-09-10 19:39:35'),
(811, 1, 1757644, 13, 25, 0, 1230, 2164, 31, 3, 4, '2025-09-10 19:39:35'),
(812, 1, 1763952, 0, 0, 0, 0, 0, 0, 0, 0, '2025-09-10 19:39:35'),
(813, 1, 1770537, 25, 21, 10, 2129, 1720, 31, 4, 1, '2025-09-10 19:39:35'),
(814, 1, 1783914, 14, 20, 12, 1654, 1943, 31, 5, 3, '2025-09-10 19:39:35'),
(815, 1, 1786021, 21, 17, 7, 2153, 1684, 31, 3, 1, '2025-09-10 19:39:35'),
(816, 1, 1803585, 25, 24, 4, 2160, 2318, 31, 5, 5, '2025-09-10 19:39:35'),
(817, 1, 1807303, 19, 15, 7, 1589, 1373, 31, 2, 1, '2025-09-10 19:39:35'),
(818, 1, 1814235, 10, 16, 0, 1099, 1848, 26, 0, 4, '2025-09-10 19:39:35'),
(819, 1, 1832685, 33, 28, 3, 2830, 2632, 40, 3, 2, '2025-09-10 19:39:35'),
(820, 1, 1835039, 21, 25, 11, 1843, 2285, 37, 1, 3, '2025-09-10 19:39:35'),
(821, 1, 1858904, 24, 29, 9, 2109, 2448, 45, 5, 9, '2025-09-10 19:39:35'),
(822, 1, 1871942, 0, 0, 0, 0, 0, 0, 0, 0, '2025-09-10 19:39:35'),
(823, 1, 1875191, 0, 0, 0, 0, 0, 0, 0, 0, '2025-09-10 19:39:35'),
(824, 1, 1879412, 0, 0, 0, 0, 0, 0, 0, 0, '2025-09-10 19:39:35'),
(825, 1, 1897225, 21, 12, 7, 2752, 1374, 26, 4, 3, '2025-09-10 19:39:35'),
(826, 1, 1916824, 10, 19, 5, 1087, 1578, 26, 1, 3, '2025-09-10 19:39:35'),
(827, 1, 1923074, 0, 0, 0, 0, 0, 0, 0, 0, '2025-09-10 19:39:35'),
(828, 1, 1928138, 33, 33, 14, 2800, 3084, 51, 5, 5, '2025-09-10 19:39:35'),
(829, 1, 1934984, 1, 2, 1, 125, 219, 2, 0, 0, '2025-09-10 19:39:35'),
(830, 1, 1951282, 0, 0, 0, 0, 0, 0, 0, 0, '2025-09-10 19:39:35'),
(831, 1, 1978524, 18, 12, 5, 1735, 1219, 26, 4, 2, '2025-09-10 19:39:35'),
(832, 1, 1984814, 0, 0, 0, 0, 0, 0, 0, 0, '2025-09-10 19:39:35'),
(833, 1, 2003478, 14, 13, 5, 1407, 1264, 22, 4, 4, '2025-09-10 19:39:35'),
(834, 1, 2086845, 0, 0, 0, 0, 0, 0, 0, 0, '2025-09-10 19:39:35'),
(835, 1, 2099405, 0, 0, 0, 0, 0, 0, 0, 0, '2025-09-10 19:39:35'),
(836, 1, 2101026, 0, 0, 0, 0, 0, 0, 0, 0, '2025-09-10 19:39:35'),
(837, 1, 2122536, 8, 10, 1, 713, 1067, 15, 1, 1, '2025-09-10 19:39:35'),
(838, 1, 2135034, 16, 14, 7, 1469, 1129, 30, 0, 4, '2025-09-10 19:39:35'),
(839, 1, 2189042, 14, 24, 6, 1421, 2017, 31, 3, 4, '2025-09-10 19:39:35'),
(840, 1, 2191845, 0, 0, 0, 0, 0, 0, 0, 0, '2025-09-10 19:39:35'),
(841, 1, 2226106, 10, 18, 6, 872, 1687, 25, 0, 0, '2025-09-10 19:39:35'),
(842, 1, 2231675, 6, 16, 2, 509, 1431, 20, 1, 0, '2025-09-10 19:39:35'),
(843, 1, 2234378, 0, 0, 0, 0, 0, 0, 0, 0, '2025-09-10 19:39:35'),
(844, 1, 2259696, 0, 2, 1, 0, 346, 2, 0, 0, '2025-09-10 19:39:35'),
(845, 1, 2279038, 15, 11, 5, 1896, 1276, 26, 3, 0, '2025-09-10 19:39:35'),
(846, 1, 2289178, 14, 10, 5, 1494, 1061, 26, 1, 2, '2025-09-10 19:39:35'),
(847, 1, 2300331, 0, 0, 0, 0, 0, 0, 0, 0, '2025-09-10 19:39:35'),
(848, 1, 2315243, 11, 9, 4, 1026, 815, 15, 2, 1, '2025-09-10 19:39:35'),
(849, 1, 2319358, 0, 0, 0, 0, 0, 0, 0, 0, '2025-09-10 19:39:35'),
(850, 1, 2320522, 19, 19, 9, 1538, 1550, 33, 2, 1, '2025-09-10 19:39:35'),
(851, 1, 2392773, 0, 0, 0, 0, 0, 0, 0, 0, '2025-09-10 19:39:35'),
(852, 1, 2412281, 0, 2, 0, 0, 127, 1, 0, 0, '2025-09-10 19:39:35'),
(853, 1, 2491664, 4, 5, 0, 366, 406, 7, 0, 1, '2025-09-10 19:39:35'),
(854, 1, 2498648, 0, 0, 0, 0, 0, 0, 0, 0, '2025-09-10 19:39:35'),
(855, 1, 2505693, 0, 0, 0, 0, 0, 0, 0, 0, '2025-09-10 19:39:35'),
(856, 1, 2508655, 16, 10, 8, 1555, 1128, 24, 4, 2, '2025-09-10 19:39:35'),
(857, 1, 2509869, 0, 0, 0, 0, 0, 0, 0, 0, '2025-09-10 19:39:35'),
(858, 1, 2511723, 0, 0, 0, 0, 0, 0, 0, 0, '2025-09-10 19:39:35'),
(859, 1, 2517368, 0, 0, 0, 0, 0, 0, 0, 0, '2025-09-10 19:39:35'),
(860, 1, 2525779, 0, 0, 0, 0, 0, 0, 0, 0, '2025-09-10 19:39:35'),
(861, 1, 2525807, 0, 0, 0, 0, 0, 0, 0, 0, '2025-09-10 19:39:35'),
(862, 1, 2527500, 0, 0, 0, 0, 0, 0, 0, 0, '2025-09-10 19:39:35'),
(863, 1, 2532448, 0, 0, 0, 0, 0, 0, 0, 0, '2025-09-10 19:39:35'),
(864, 1, 2550011, 0, 0, 0, 0, 0, 0, 0, 0, '2025-09-10 19:39:35'),
(865, 1, 2560206, 15, 9, 4, 1142, 750, 16, 1, 1, '2025-09-10 19:39:35'),
(1062, 1, 1211057, 11, 11, 5, 919, 1026, 20, 2, 0, '2025-09-11 20:05:49'),
(1086, 1, 1520575, 0, 0, 0, 0, 0, 0, 0, 0, '2025-09-11 20:05:49'),
(1351, 1, 994995, 15, 18, 1, 1323, 1712, 26, 2, 3, '2025-09-14 10:00:40'),
(1366, 1, 1337040, 0, 0, 0, 0, 0, 0, 0, 0, '2025-09-14 10:00:40'),
(1387, 1, 1554812, 16, 17, 11, 1571, 1539, 28, 2, 2, '2025-09-14 10:00:40'),
(1418, 1, 1934739, 0, 0, 0, 0, 0, 0, 0, 0, '2025-09-14 10:00:40'),
(1458, 1, 9886, 0, 0, 0, 0, 0, 0, 0, 0, '2025-09-14 11:12:24'),
(1760, 2, 2232, 0, 0, 0, 0, 0, 0, 0, 0, '2025-09-14 19:31:26'),
(1761, 2, 9531, 23, 24, 9, 2259, 2271, 34, 2, 3, '2025-09-14 19:31:26'),
(1762, 2, 9886, 0, 0, 0, 0, 0, 0, 0, 0, '2025-09-14 19:31:26'),
(1763, 2, 10681, 0, 0, 0, 0, 0, 0, 0, 0, '2025-09-14 19:31:26'),
(1764, 2, 62821, 36, 33, 13, 3155, 2812, 53, 6, 8, '2025-09-14 19:31:26'),
(1765, 2, 134625, 0, 0, 0, 0, 0, 0, 0, 0, '2025-09-14 19:31:26'),
(1766, 2, 278973, 27, 22, 9, 2400, 2069, 34, 5, 3, '2025-09-14 19:31:26'),
(1767, 2, 290348, 30, 20, 7, 2538, 1731, 34, 5, 2, '2025-09-14 19:31:26'),
(1768, 2, 301721, 11, 23, 1, 1016, 1931, 28, 2, 3, '2025-09-14 19:31:26'),
(1769, 2, 335479, 27, 29, 12, 2411, 2474, 50, 4, 3, '2025-09-14 19:31:26'),
(1770, 2, 349853, 31, 29, 13, 3085, 2503, 50, 7, 5, '2025-09-14 19:31:26'),
(1771, 2, 351969, 30, 29, 7, 2741, 2446, 50, 3, 5, '2025-09-14 19:31:26'),
(1772, 2, 372274, 14, 20, 5, 1277, 1540, 34, 2, 3, '2025-09-14 19:31:26'),
(1773, 2, 375537, 0, 0, 0, 0, 0, 0, 0, 0, '2025-09-14 19:31:26'),
(1774, 2, 395813, 21, 13, 3, 1821, 1336, 28, 6, 4, '2025-09-14 19:31:26'),
(1775, 2, 415702, 27, 32, 9, 2407, 2859, 50, 4, 1, '2025-09-14 19:31:26'),
(1776, 2, 434315, 0, 0, 0, 0, 0, 0, 0, 0, '2025-09-14 19:31:26'),
(1777, 2, 436448, 37, 30, 10, 3004, 2629, 53, 7, 5, '2025-09-14 19:31:26'),
(1778, 2, 449912, 22, 14, 6, 1852, 1263, 28, 3, 2, '2025-09-14 19:31:26'),
(1779, 2, 452214, 14, 17, 4, 1244, 1512, 25, 2, 6, '2025-09-14 19:31:26'),
(1780, 2, 461759, 0, 0, 0, 0, 0, 0, 0, 0, '2025-09-14 19:31:26'),
(1781, 2, 488794, 22, 29, 11, 2197, 2625, 50, 4, 5, '2025-09-14 19:31:26'),
(1782, 2, 498093, 0, 0, 0, 0, 0, 0, 0, 0, '2025-09-14 19:31:26'),
(1783, 2, 499882, 22, 21, 8, 1984, 1729, 35, 1, 4, '2025-09-14 19:31:26'),
(1784, 2, 500306, 27, 22, 9, 2509, 1979, 35, 6, 3, '2025-09-14 19:31:26'),
(1785, 2, 503145, 0, 0, 0, 0, 0, 0, 0, 0, '2025-09-14 19:31:26'),
(1786, 2, 503765, 26, 12, 5, 2314, 1181, 27, 4, 4, '2025-09-14 19:31:26'),
(1787, 2, 526649, 0, 0, 0, 0, 0, 0, 0, 0, '2025-09-14 19:31:26'),
(1788, 2, 636812, 0, 0, 0, 0, 0, 0, 0, 0, '2025-09-14 19:31:26'),
(1789, 2, 651079, 12, 22, 6, 1164, 1845, 34, 1, 4, '2025-09-14 19:31:26'),
(1790, 2, 671857, 0, 0, 0, 0, 0, 0, 0, 0, '2025-09-14 19:31:26'),
(1791, 2, 678193, 29, 32, 13, 2640, 2892, 50, 7, 6, '2025-09-14 19:31:26'),
(1792, 2, 774878, 22, 9, 7, 1889, 801, 27, 2, 1, '2025-09-14 19:31:26'),
(1793, 2, 780242, 23, 14, 7, 2158, 1259, 27, 6, 3, '2025-09-14 19:31:26'),
(1794, 2, 788804, 17, 20, 1, 1392, 1696, 28, 3, 3, '2025-09-14 19:31:26'),
(1795, 2, 792123, 0, 0, 0, 0, 0, 0, 0, 0, '2025-09-14 19:31:26'),
(1796, 2, 793812, 0, 0, 0, 0, 0, 0, 0, 0, '2025-09-14 19:31:26'),
(1797, 2, 838879, 30, 25, 5, 2983, 2197, 35, 5, 5, '2025-09-14 19:31:26'),
(1798, 2, 840822, 12, 26, 3, 1236, 2121, 34, 1, 8, '2025-09-14 19:31:26'),
(1799, 2, 863865, 22, 38, 15, 2211, 3299, 50, 6, 10, '2025-09-14 19:31:26'),
(1800, 2, 892796, 0, 0, 0, 0, 0, 0, 0, 0, '2025-09-14 19:31:26'),
(1801, 2, 902557, 33, 32, 9, 2800, 2815, 49, 5, 4, '2025-09-14 19:31:26'),
(1802, 2, 927368, 0, 0, 0, 0, 0, 0, 0, 0, '2025-09-14 19:31:26'),
(1803, 2, 937791, 0, 0, 0, 0, 0, 0, 0, 0, '2025-09-14 19:31:26'),
(1804, 2, 951862, 5, 7, 1, 435, 635, 9, 0, 2, '2025-09-14 19:31:26'),
(1805, 2, 952369, 20, 23, 8, 2013, 1887, 29, 7, 3, '2025-09-14 19:31:26'),
(1806, 2, 992114, 0, 0, 0, 0, 0, 0, 0, 0, '2025-09-14 19:31:26'),
(1807, 2, 994995, 2, 7, 0, 151, 770, 7, 0, 2, '2025-09-14 19:31:26'),
(1808, 2, 1092013, 0, 0, 0, 0, 0, 0, 0, 0, '2025-09-14 19:31:26'),
(1809, 2, 1123124, 0, 0, 0, 0, 0, 0, 0, 0, '2025-09-14 19:31:26'),
(1810, 2, 1123134, 26, 19, 6, 2032, 1782, 34, 4, 2, '2025-09-14 19:31:26'),
(1811, 2, 1160798, 20, 6, 7, 1757, 721, 20, 4, 0, '2025-09-14 19:31:26'),
(1812, 2, 1194981, 0, 0, 0, 0, 0, 0, 0, 0, '2025-09-14 19:31:26'),
(1813, 2, 1211057, 22, 21, 9, 2139, 1763, 35, 3, 1, '2025-09-14 19:31:26'),
(1814, 2, 1216145, 12, 24, 2, 964, 2004, 29, 3, 4, '2025-09-14 19:31:26'),
(1815, 2, 1223304, 39, 31, 18, 3668, 2792, 53, 3, 2, '2025-09-14 19:31:26'),
(1816, 2, 1232708, 8, 10, 5, 889, 908, 15, 1, 0, '2025-09-14 19:31:26'),
(1817, 2, 1269742, 19, 22, 8, 1820, 1988, 34, 1, 5, '2025-09-14 19:31:26'),
(1818, 2, 1275070, 32, 13, 6, 2432, 1352, 29, 3, 2, '2025-09-14 19:31:26'),
(1819, 2, 1282828, 14, 10, 3, 1092, 784, 19, 2, 2, '2025-09-14 19:31:26'),
(1820, 2, 1288381, 10, 22, 2, 1023, 1903, 28, 0, 1, '2025-09-14 19:31:26'),
(1821, 2, 1334819, 0, 0, 0, 0, 0, 0, 0, 0, '2025-09-14 19:31:26'),
(1822, 2, 1337040, 0, 0, 0, 0, 0, 0, 0, 0, '2025-09-14 19:31:26'),
(1823, 2, 1341627, 0, 0, 0, 0, 0, 0, 0, 0, '2025-09-14 19:31:26'),
(1824, 2, 1347805, 23, 35, 7, 2088, 2951, 53, 2, 2, '2025-09-14 19:31:26'),
(1825, 2, 1349640, 0, 0, 0, 0, 0, 0, 0, 0, '2025-09-14 19:31:26'),
(1826, 2, 1350448, 0, 0, 0, 0, 0, 0, 0, 0, '2025-09-14 19:31:26'),
(1827, 2, 1352599, 0, 0, 0, 0, 0, 0, 0, 0, '2025-09-14 19:31:26'),
(1828, 2, 1379228, 0, 0, 0, 0, 0, 0, 0, 0, '2025-09-14 19:31:26'),
(1829, 2, 1396687, 0, 0, 0, 0, 0, 0, 0, 0, '2025-09-14 19:31:26'),
(1830, 2, 1413052, 0, 0, 0, 0, 0, 0, 0, 0, '2025-09-14 19:31:26'),
(1831, 2, 1417016, 0, 0, 0, 0, 0, 0, 0, 0, '2025-09-14 19:31:26'),
(1832, 2, 1462072, 0, 0, 0, 0, 0, 0, 0, 0, '2025-09-14 19:31:26'),
(1833, 2, 1472629, 39, 28, 14, 3626, 2553, 50, 4, 5, '2025-09-14 19:31:26'),
(1834, 2, 1474293, 7, 24, 1, 646, 1995, 28, 2, 3, '2025-09-14 19:31:26'),
(1835, 2, 1474976, 0, 0, 0, 0, 0, 0, 0, 0, '2025-09-14 19:31:26'),
(1836, 2, 1509611, 15, 11, 12, 1311, 960, 22, 0, 2, '2025-09-14 19:31:26'),
(1837, 2, 1513490, 30, 18, 5, 2544, 1846, 34, 8, 1, '2025-09-14 19:31:26'),
(1838, 2, 1520575, 11, 25, 4, 977, 2292, 29, 1, 3, '2025-09-14 19:31:26'),
(1839, 2, 1525793, 0, 0, 0, 0, 0, 0, 0, 0, '2025-09-14 19:31:26'),
(1840, 2, 1529359, 0, 0, 0, 0, 0, 0, 0, 0, '2025-09-14 19:31:26'),
(1841, 2, 1544447, 26, 10, 6, 2351, 945, 27, 2, 2, '2025-09-14 19:31:26'),
(1842, 2, 1554632, 0, 0, 0, 0, 0, 0, 0, 0, '2025-09-14 19:31:26'),
(1843, 2, 1554812, 9, 6, 3, 926, 560, 10, 0, 0, '2025-09-14 19:31:26'),
(1844, 2, 1556384, 42, 31, 10, 3388, 2653, 50, 4, 3, '2025-09-14 19:31:26'),
(1845, 2, 1577597, 0, 6, 0, 78, 434, 6, 0, 0, '2025-09-14 19:31:26'),
(1846, 2, 1581354, 0, 0, 0, 0, 0, 0, 0, 0, '2025-09-14 19:31:26'),
(1847, 2, 1624559, 0, 0, 0, 0, 0, 0, 0, 0, '2025-09-14 19:31:26'),
(1848, 2, 1637460, 31, 24, 4, 2477, 2278, 40, 2, 3, '2025-09-14 19:31:26'),
(1849, 2, 1681176, 24, 15, 5, 1978, 1280, 28, 1, 2, '2025-09-14 19:31:26'),
(1850, 2, 1688497, 37, 35, 9, 2867, 3162, 50, 8, 3, '2025-09-14 19:31:26'),
(1851, 2, 1691357, 27, 19, 6, 2578, 1637, 28, 5, 5, '2025-09-14 19:31:26'),
(1852, 2, 1696213, 0, 0, 0, 0, 0, 0, 0, 0, '2025-09-14 19:31:26'),
(1853, 2, 1719999, 4, 9, 1, 449, 825, 15, 1, 4, '2025-09-14 19:31:26'),
(1854, 2, 1722460, 5, 6, 3, 516, 631, 16, 1, 0, '2025-09-14 19:31:26'),
(1855, 2, 1737433, 0, 0, 0, 0, 0, 0, 0, 0, '2025-09-14 19:31:26'),
(1856, 2, 1738245, 17, 6, 8, 1882, 563, 18, 4, 0, '2025-09-14 19:31:26'),
(1857, 2, 1757644, 20, 29, 7, 1510, 2670, 43, 1, 4, '2025-09-14 19:31:26'),
(1858, 2, 1763952, 0, 0, 0, 0, 0, 0, 0, 0, '2025-09-14 19:31:26'),
(1859, 2, 1770537, 29, 24, 5, 2424, 1918, 40, 3, 3, '2025-09-14 19:31:26'),
(1860, 2, 1783914, 24, 21, 5, 2022, 1928, 35, 5, 4, '2025-09-14 19:31:26'),
(1861, 2, 1786021, 28, 14, 6, 2451, 1282, 28, 3, 1, '2025-09-14 19:31:26'),
(1862, 2, 1803585, 19, 26, 8, 1843, 2377, 35, 1, 4, '2025-09-14 19:31:26'),
(1863, 2, 1807303, 0, 0, 0, 0, 0, 0, 0, 0, '2025-09-14 19:31:26'),
(1864, 2, 1814235, 19, 11, 8, 1708, 1116, 27, 0, 3, '2025-09-14 19:31:26'),
(1865, 2, 1832685, 36, 35, 10, 3305, 3045, 53, 6, 3, '2025-09-14 19:31:26'),
(1866, 2, 1835039, 19, 25, 3, 1435, 2282, 35, 5, 5, '2025-09-14 19:31:26'),
(1867, 2, 1858904, 24, 24, 11, 2028, 2105, 34, 4, 4, '2025-09-14 19:31:26'),
(1868, 2, 1871942, 36, 30, 11, 3297, 2652, 50, 6, 6, '2025-09-14 19:31:26'),
(1869, 2, 1875191, 0, 0, 0, 0, 0, 0, 0, 0, '2025-09-14 19:31:26'),
(1870, 2, 1879412, 0, 0, 0, 0, 0, 0, 0, 0, '2025-09-14 19:31:26'),
(1871, 2, 1897225, 34, 10, 11, 3033, 987, 28, 8, 2, '2025-09-14 19:31:26'),
(1872, 2, 1916824, 0, 0, 0, 0, 0, 0, 0, 0, '2025-09-14 19:31:26'),
(1873, 2, 1923074, 21, 10, 7, 1889, 896, 25, 3, 1, '2025-09-14 19:31:26'),
(1874, 2, 1928138, 23, 22, 10, 2055, 2122, 35, 4, 4, '2025-09-14 19:31:26'),
(1875, 2, 1934739, 0, 0, 0, 0, 0, 0, 0, 0, '2025-09-14 19:31:26'),
(1876, 2, 1934984, 0, 0, 0, 0, 0, 0, 0, 0, '2025-09-14 19:31:26'),
(1877, 2, 1951282, 25, 13, 3, 2054, 1123, 25, 5, 3, '2025-09-14 19:31:26'),
(1878, 2, 1978524, 0, 0, 0, 0, 0, 0, 0, 0, '2025-09-14 19:31:26'),
(1879, 2, 1984814, 29, 31, 9, 2451, 3214, 50, 5, 6, '2025-09-14 19:31:26'),
(1880, 2, 2003478, 13, 16, 3, 1060, 1494, 28, 2, 3, '2025-09-14 19:31:26'),
(1881, 2, 2086845, 44, 38, 8, 3691, 3485, 53, 7, 5, '2025-09-14 19:31:26'),
(1882, 2, 2099405, 0, 0, 0, 0, 0, 0, 0, 0, '2025-09-14 19:31:26'),
(1883, 2, 2101026, 21, 21, 4, 2026, 1972, 28, 2, 2, '2025-09-14 19:31:26'),
(1884, 2, 2122536, 0, 0, 0, 0, 0, 0, 0, 0, '2025-09-14 19:31:26'),
(1885, 2, 2135034, 0, 0, 0, 0, 0, 0, 0, 0, '2025-09-14 19:31:26'),
(1886, 2, 2189042, 23, 32, 10, 2460, 3084, 48, 4, 6, '2025-09-14 19:31:26'),
(1887, 2, 2191845, 16, 23, 4, 1604, 2049, 28, 1, 5, '2025-09-14 19:31:26'),
(1888, 2, 2226106, 20, 28, 3, 1529, 2389, 49, 2, 0, '2025-09-14 19:31:26'),
(1889, 2, 2231675, 0, 0, 0, 0, 0, 0, 0, 0, '2025-09-14 19:31:26'),
(1890, 2, 2234378, 41, 34, 11, 3990, 3080, 48, 8, 7, '2025-09-14 19:31:26'),
(1891, 2, 2259696, 8, 11, 4, 711, 1228, 28, 0, 1, '2025-09-14 19:31:26'),
(1892, 2, 2279038, 24, 13, 9, 2050, 1239, 28, 3, 1, '2025-09-14 19:31:26'),
(1893, 2, 2289178, 0, 0, 0, 0, 0, 0, 0, 0, '2025-09-14 19:31:26'),
(1894, 2, 2300331, 9, 15, 2, 815, 1452, 18, 0, 1, '2025-09-14 19:31:26'),
(1895, 2, 2315243, 21, 23, 5, 2014, 1889, 29, 2, 1, '2025-09-14 19:31:26'),
(1896, 2, 2319358, 0, 0, 0, 0, 0, 0, 0, 0, '2025-09-14 19:31:26'),
(1897, 2, 2320522, 9, 14, 2, 656, 1277, 25, 0, 2, '2025-09-14 19:31:26'),
(1898, 2, 2392773, 35, 32, 16, 3187, 2908, 53, 7, 5, '2025-09-14 19:31:26'),
(1899, 2, 2412281, 0, 3, 1, 49, 365, 6, 0, 0, '2025-09-14 19:31:26'),
(1900, 2, 2491664, 4, 5, 0, 305, 452, 6, 1, 2, '2025-09-14 19:31:26'),
(1901, 2, 2498648, 10, 22, 1, 829, 2061, 26, 4, 4, '2025-09-14 19:31:26'),
(1902, 2, 2505693, 0, 0, 0, 0, 0, 0, 0, 0, '2025-09-14 19:31:26'),
(1903, 2, 2508655, 8, 8, 2, 613, 553, 15, 2, 1, '2025-09-14 19:31:26'),
(1904, 2, 2509869, 0, 0, 0, 0, 0, 1, 0, 0, '2025-09-14 19:31:26'),
(1905, 2, 2511723, 5, 22, 5, 618, 1832, 28, 0, 3, '2025-09-14 19:31:26'),
(1906, 2, 2517368, 13, 23, 3, 1276, 2096, 27, 4, 3, '2025-09-14 19:31:26'),
(1907, 2, 2525779, 3, 10, 0, 357, 1009, 11, 1, 2, '2025-09-14 19:31:26'),
(1908, 2, 2525807, 0, 0, 0, 0, 0, 0, 0, 0, '2025-09-14 19:31:26'),
(1909, 2, 2527500, 10, 24, 2, 937, 2118, 28, 2, 2, '2025-09-14 19:31:26'),
(1910, 2, 2532448, 6, 25, 3, 439, 2082, 29, 1, 8, '2025-09-14 19:31:26'),
(1911, 2, 2550011, 3, 21, 0, 333, 1861, 22, 1, 3, '2025-09-14 19:31:26'),
(1912, 2, 2560206, 11, 21, 1, 954, 1929, 29, 0, 2, '2025-09-14 19:31:26'),
(1964, 1, 1146243, 12, 20, 2, 1107, 1993, 26, 1, 6, '2025-09-14 20:34:32'),
(2001, 1, 1624559, 0, 0, 0, 0, 0, 0, 0, 0, '2025-09-14 20:34:32'),
(2032, 1, 1959761, 0, 0, 0, 0, 0, 0, 0, 0, '2025-09-14 20:34:32'),
(2274, 2, 1146243, 0, 0, 0, 0, 0, 0, 0, 0, '2025-09-14 21:44:11'),
(2342, 2, 1959761, 0, 0, 0, 0, 0, 0, 0, 0, '2025-09-14 21:44:11'),
(2430, 1, 1159195, 18, 27, 9, 1827, 2198, 37, 2, 3, '2025-09-16 09:47:25'),
(2509, 1, 2193180, 0, 0, 0, 0, 0, 0, 0, 0, '2025-09-16 09:47:25'),
(2581, 1, 956996, 6, 8, 2, 507, 704, 11, 2, 1, '2025-09-16 22:30:37'),
(2627, 1, 1677879, 17, 24, 6, 1738, 2279, 34, 2, 7, '2025-09-16 22:30:37'),
(2664, 1, 2122505, 10, 18, 2, 984, 1588, 26, 2, 2, '2025-09-16 22:30:37'),
(2725, 2, 663095, 8, 17, 5, 871, 1433, 27, 0, 4, '2025-09-21 21:10:17'),
(2740, 2, 943123, 11, 10, 6, 1133, 1061, 16, 1, 1, '2025-09-21 21:10:17'),
(2743, 2, 956996, 15, 18, 9, 1596, 1484, 27, 4, 1, '2025-09-21 21:10:17'),
(2750, 2, 1159195, 0, 0, 0, 0, 0, 0, 0, 0, '2025-09-21 21:10:17'),
(2789, 2, 1677879, 28, 21, 7, 2270, 2019, 35, 3, 2, '2025-09-21 21:10:17'),
(2826, 2, 2122505, 0, 0, 0, 0, 0, 0, 0, 0, '2025-09-21 21:10:17'),
(2831, 2, 2193180, 0, 0, 0, 0, 0, 0, 0, 0, '2025-09-21 21:10:17'),
(2832, 2, 2197266, 0, 0, 0, 0, 0, 0, 0, 0, '2025-09-21 21:10:17'),
(2834, 2, 2228738, 0, 0, 0, 0, 0, 0, 0, 0, '2025-09-21 21:10:17'),
(3460, 2, 1804136, 0, 0, 0, 0, 0, 0, 0, 0, '2025-09-27 10:39:25'),
(3483, 2, 2116360, 18, 19, 3, 1614, 1507, 27, 3, 1, '2025-09-27 10:39:25'),
(3511, 2, 2521090, 0, 0, 0, 0, 0, 0, 0, 0, '2025-09-27 10:39:25'),
(3744, 2, 1213248, 40, 32, 15, 3586, 3020, 53, 9, 12, '2025-09-27 20:01:52'),
(3763, 2, 1422790, 0, 0, 0, 0, 0, 0, 0, 0, '2025-09-27 20:01:52'),
(3906, 2, 1115342, 31, 31, 15, 2762, 2810, 50, 4, 4, '2025-09-28 23:19:16'),
(3949, 2, 1606529, 0, 0, 0, 0, 0, 0, 0, 0, '2025-09-28 23:19:16'),
(4029, 2, 10943, 0, 0, 0, 0, 0, 0, 0, 0, '2025-10-02 09:31:28'),
(4034, 2, 292756, 0, 0, 0, 0, 0, 0, 0, 0, '2025-10-02 09:31:28'),
(4198, 3, 2232, 22, 15, 6, 1992, 1257, 29, 4, 3, '2025-10-05 21:15:58'),
(4199, 3, 9531, 20, 15, 8, 1565, 1357, 33, 5, 3, '2025-10-05 21:15:58'),
(4200, 3, 9886, 0, 0, 0, 0, 0, 0, 0, 0, '2025-10-05 21:15:58'),
(4201, 3, 10681, 0, 0, 0, 0, 0, 0, 0, 0, '2025-10-05 21:15:58'),
(4202, 3, 10943, 0, 0, 0, 0, 0, 0, 0, 0, '2025-10-05 21:15:58'),
(4203, 3, 62821, 0, 0, 0, 0, 0, 0, 0, 0, '2025-10-05 21:15:58'),
(4204, 3, 134625, 0, 0, 0, 0, 0, 0, 0, 0, '2025-10-05 21:15:58'),
(4205, 3, 278973, 24, 27, 5, 2141, 2359, 37, 8, 3, '2025-10-05 21:15:58'),
(4206, 3, 290348, 35, 17, 12, 3201, 1501, 33, 4, 1, '2025-10-05 21:15:58'),
(4207, 3, 292756, 0, 0, 0, 0, 0, 0, 0, 0, '2025-10-05 21:15:58'),
(4208, 3, 301721, 26, 30, 12, 2524, 2639, 47, 5, 3, '2025-10-05 21:15:58'),
(4209, 3, 335479, 20, 22, 1, 1516, 2053, 33, 5, 4, '2025-10-05 21:15:58'),
(4210, 3, 349853, 0, 0, 0, 0, 0, 0, 0, 0, '2025-10-05 21:15:58'),
(4211, 3, 351969, 18, 24, 6, 1849, 2078, 37, 2, 4, '2025-10-05 21:15:58'),
(4212, 3, 372274, 16, 8, 6, 1412, 701, 19, 2, 0, '2025-10-05 21:15:58'),
(4213, 3, 375537, 0, 0, 0, 0, 0, 0, 0, 0, '2025-10-05 21:15:58'),
(4214, 3, 395813, 0, 0, 0, 0, 0, 0, 0, 0, '2025-10-05 21:15:58'),
(4215, 3, 415702, 0, 0, 0, 0, 0, 0, 0, 0, '2025-10-05 21:15:58'),
(4216, 3, 434315, 0, 0, 0, 0, 0, 0, 0, 0, '2025-10-05 21:15:58'),
(4217, 3, 436448, 41, 36, 12, 3593, 3343, 57, 4, 2, '2025-10-05 21:15:58'),
(4218, 3, 449912, 37, 11, 8, 3301, 1169, 28, 5, 2, '2025-10-05 21:15:58'),
(4219, 3, 452214, 23, 28, 8, 2125, 2403, 34, 8, 4, '2025-10-05 21:15:58'),
(4220, 3, 461759, 6, 25, 2, 670, 2216, 30, 1, 1, '2025-10-05 21:15:58'),
(4221, 3, 488794, 16, 27, 5, 1397, 2491, 37, 0, 5, '2025-10-05 21:15:58'),
(4222, 3, 498093, 0, 0, 0, 0, 0, 0, 0, 0, '2025-10-05 21:15:58'),
(4223, 3, 499882, 27, 29, 7, 2236, 2575, 47, 2, 6, '2025-10-05 21:15:58'),
(4224, 3, 500306, 0, 2, 0, 0, 185, 2, 0, 0, '2025-10-05 21:15:58'),
(4225, 3, 503145, 0, 0, 0, 0, 0, 0, 0, 0, '2025-10-05 21:15:58'),
(4226, 3, 503765, 24, 14, 3, 2047, 1351, 29, 4, 1, '2025-10-05 21:15:58'),
(4227, 3, 526649, 29, 15, 6, 2541, 1323, 29, 1, 6, '2025-10-05 21:15:58'),
(4228, 3, 636812, 0, 0, 0, 0, 0, 0, 0, 0, '2025-10-05 21:15:58'),
(4229, 3, 651079, 22, 20, 7, 1852, 1936, 33, 1, 1, '2025-10-05 21:15:58'),
(4230, 3, 663095, 6, 11, 3, 508, 754, 12, 0, 1, '2025-10-05 21:15:58'),
(4231, 3, 671857, 26, 19, 11, 2532, 1711, 33, 7, 3, '2025-10-05 21:15:58'),
(4232, 3, 678193, 14, 23, 1, 1278, 2087, 30, 3, 0, '2025-10-05 21:15:58'),
(4233, 3, 774878, 0, 0, 0, 0, 0, 0, 0, 0, '2025-10-05 21:15:58'),
(4234, 3, 780242, 0, 0, 0, 0, 0, 0, 0, 0, '2025-10-05 21:15:58'),
(4235, 3, 788804, 19, 35, 5, 1630, 3483, 47, 3, 5, '2025-10-05 21:15:58'),
(4236, 3, 792123, 0, 0, 0, 0, 0, 0, 0, 0, '2025-10-05 21:15:58'),
(4237, 3, 793812, 16, 26, 1, 1454, 2404, 30, 5, 3, '2025-10-05 21:15:58'),
(4238, 3, 838879, 45, 33, 16, 3827, 2918, 47, 8, 7, '2025-10-05 21:15:58'),
(4239, 3, 840822, 0, 0, 0, 0, 0, 0, 0, 0, '2025-10-05 21:15:58'),
(4240, 3, 863865, 0, 0, 0, 0, 0, 0, 0, 0, '2025-10-05 21:15:58'),
(4241, 3, 892796, 33, 39, 12, 3049, 3169, 57, 5, 5, '2025-10-05 21:15:58'),
(4242, 3, 902557, 13, 23, 4, 1380, 2148, 29, 3, 5, '2025-10-05 21:15:58'),
(4243, 3, 927368, 25, 22, 5, 1979, 1879, 37, 2, 5, '2025-10-05 21:15:58'),
(4244, 3, 937791, 0, 0, 0, 0, 0, 0, 0, 0, '2025-10-05 21:15:58'),
(4245, 3, 943123, 0, 0, 0, 0, 0, 0, 0, 0, '2025-10-05 21:15:58'),
(4246, 3, 951862, 13, 15, 2, 1022, 1318, 23, 2, 1, '2025-10-05 21:15:58'),
(4247, 3, 952369, 21, 7, 2, 1898, 660, 15, 4, 1, '2025-10-05 21:15:58'),
(4248, 3, 956996, 0, 0, 0, 0, 0, 0, 0, 0, '2025-10-05 21:15:58'),
(4249, 3, 992114, 0, 0, 0, 0, 0, 0, 0, 0, '2025-10-05 21:15:58'),
(4250, 3, 994995, 11, 25, 0, 955, 2427, 28, 3, 3, '2025-10-05 21:15:58'),
(4251, 3, 1092013, 0, 0, 0, 0, 0, 0, 0, 0, '2025-10-05 21:15:58'),
(4252, 3, 1115342, 21, 26, 6, 2069, 2109, 33, 2, 2, '2025-10-05 21:15:58'),
(4253, 3, 1123124, 24, 44, 10, 2055, 3687, 57, 3, 7, '2025-10-05 21:15:58'),
(4254, 3, 1123134, 22, 22, 10, 1911, 1780, 37, 6, 3, '2025-10-05 21:15:58'),
(4255, 3, 1146243, 13, 19, 4, 1080, 1618, 26, 1, 4, '2025-10-05 21:15:58'),
(4256, 3, 1159195, 0, 0, 0, 0, 0, 0, 0, 0, '2025-10-05 21:15:58'),
(4257, 3, 1160798, 23, 7, 5, 1895, 688, 22, 2, 1, '2025-10-05 21:15:58'),
(4258, 3, 1194981, 0, 0, 0, 0, 0, 0, 0, 0, '2025-10-05 21:15:58'),
(4259, 3, 1211057, 13, 24, 3, 1232, 2178, 28, 0, 2, '2025-10-05 21:15:58'),
(4260, 3, 1213248, 0, 0, 0, 0, 0, 0, 0, 0, '2025-10-05 21:15:58'),
(4261, 3, 1216145, 13, 11, 3, 1224, 877, 18, 1, 5, '2025-10-05 21:15:58'),
(4262, 3, 1223304, 0, 0, 0, 0, 0, 0, 0, 0, '2025-10-05 21:15:58'),
(4263, 3, 1232708, 28, 20, 12, 2659, 1765, 30, 5, 4, '2025-10-05 21:15:58'),
(4264, 3, 1269742, 10, 21, 8, 1012, 1984, 37, 2, 3, '2025-10-05 21:15:58'),
(4265, 3, 1275070, 0, 0, 0, 0, 0, 0, 0, 0, '2025-10-05 21:15:58'),
(4266, 3, 1282828, 16, 15, 2, 1370, 1308, 31, 2, 0, '2025-10-05 21:15:58'),
(4267, 3, 1288381, 37, 31, 6, 3371, 2718, 47, 7, 4, '2025-10-05 21:15:58'),
(4268, 3, 1327587, 23, 15, 5, 1977, 1281, 26, 5, 2, '2025-10-05 21:15:58'),
(4269, 3, 1334819, 0, 0, 0, 0, 0, 0, 0, 0, '2025-10-05 21:15:58'),
(4270, 3, 1337040, 0, 0, 0, 0, 0, 0, 0, 0, '2025-10-05 21:15:58'),
(4271, 3, 1341627, 0, 0, 0, 0, 0, 0, 0, 0, '2025-10-05 21:15:58'),
(4272, 3, 1347805, 0, 0, 0, 0, 0, 0, 0, 0, '2025-10-05 21:15:58'),
(4273, 3, 1349640, 0, 0, 0, 0, 0, 0, 0, 0, '2025-10-05 21:15:58'),
(4274, 3, 1350448, 0, 0, 0, 0, 0, 0, 0, 0, '2025-10-05 21:15:58'),
(4275, 3, 1352599, 0, 0, 0, 0, 0, 0, 0, 0, '2025-10-05 21:15:58'),
(4276, 3, 1379228, 35, 40, 11, 3439, 3315, 57, 1, 4, '2025-10-05 21:15:58'),
(4277, 3, 1396687, 0, 0, 0, 0, 0, 0, 0, 0, '2025-10-05 21:15:58'),
(4278, 3, 1413052, 0, 0, 0, 0, 0, 0, 0, 0, '2025-10-05 21:15:58'),
(4279, 3, 1417016, 0, 0, 0, 0, 0, 0, 0, 0, '2025-10-05 21:15:58'),
(4280, 3, 1422790, 0, 0, 0, 0, 0, 0, 0, 0, '2025-10-05 21:15:58'),
(4281, 3, 1462072, 14, 6, 4, 1215, 605, 17, 2, 0, '2025-10-05 21:15:58'),
(4282, 3, 1472629, 25, 24, 4, 2110, 1963, 37, 2, 6, '2025-10-05 21:15:58'),
(4283, 3, 1474293, 22, 36, 6, 1871, 3087, 47, 2, 5, '2025-10-05 21:15:58'),
(4284, 3, 1474976, 18, 14, 6, 1588, 1340, 28, 0, 2, '2025-10-05 21:15:58'),
(4285, 3, 1509611, 21, 21, 8, 1994, 1792, 34, 0, 3, '2025-10-05 21:15:58'),
(4286, 3, 1513490, 19, 10, 1, 1420, 956, 18, 1, 1, '2025-10-05 21:15:58'),
(4287, 3, 1520575, 9, 8, 5, 821, 727, 15, 0, 1, '2025-10-05 21:15:58'),
(4288, 3, 1525793, 45, 36, 15, 3878, 3240, 57, 7, 8, '2025-10-05 21:15:58'),
(4289, 3, 1529359, 43, 36, 11, 3491, 3093, 57, 8, 1, '2025-10-05 21:15:58'),
(4290, 3, 1544447, 25, 15, 11, 2331, 1546, 29, 3, 3, '2025-10-05 21:15:58'),
(4291, 3, 1554632, 4, 5, 2, 484, 445, 8, 0, 2, '2025-10-05 21:15:58'),
(4292, 3, 1554812, 5, 9, 3, 439, 731, 12, 3, 1, '2025-10-05 21:15:58'),
(4293, 3, 1556384, 27, 23, 6, 2524, 1844, 37, 6, 5, '2025-10-05 21:15:58'),
(4294, 3, 1577597, 0, 6, 0, 103, 540, 6, 0, 0, '2025-10-05 21:15:58'),
(4295, 3, 1581354, 0, 0, 0, 0, 0, 0, 0, 0, '2025-10-05 21:15:58'),
(4296, 3, 1606529, 0, 0, 0, 0, 0, 0, 0, 0, '2025-10-05 21:15:58'),
(4297, 3, 1624559, 0, 0, 0, 0, 0, 0, 0, 0, '2025-10-05 21:15:58'),
(4298, 3, 1637460, 17, 22, 4, 1373, 2104, 34, 0, 1, '2025-10-05 21:15:58'),
(4299, 3, 1677879, 14, 21, 5, 1449, 1960, 28, 2, 2, '2025-10-05 21:15:58'),
(4300, 3, 1681176, 13, 11, 3, 1236, 919, 16, 1, 1, '2025-10-05 21:15:58'),
(4301, 3, 1688497, 0, 0, 0, 0, 0, 0, 0, 0, '2025-10-05 21:15:58'),
(4302, 3, 1691357, 43, 27, 11, 3795, 2383, 47, 8, 5, '2025-10-05 21:15:58'),
(4303, 3, 1696213, 11, 2, 2, 937, 288, 12, 0, 1, '2025-10-05 21:15:58'),
(4304, 3, 1719999, 25, 26, 11, 1923, 2393, 38, 7, 4, '2025-10-05 21:15:58'),
(4305, 3, 1722460, 5, 15, 3, 563, 1368, 16, 1, 1, '2025-10-05 21:15:58'),
(4306, 3, 1733634, 0, 0, 0, 0, 0, 0, 0, 0, '2025-10-05 21:15:58'),
(4307, 3, 1737433, 44, 33, 7, 3587, 2734, 57, 8, 10, '2025-10-05 21:15:58'),
(4308, 3, 1738245, 40, 21, 7, 3658, 1982, 34, 8, 4, '2025-10-05 21:15:58'),
(4309, 3, 1757644, 14, 23, 5, 1236, 1786, 34, 0, 1, '2025-10-05 21:15:58'),
(4310, 3, 1763952, 0, 0, 0, 0, 0, 0, 0, 0, '2025-10-05 21:15:58'),
(4311, 3, 1770537, 35, 25, 6, 2981, 2201, 34, 8, 2, '2025-10-05 21:15:58'),
(4312, 3, 1783914, 39, 26, 12, 3596, 2449, 47, 7, 5, '2025-10-05 21:15:58'),
(4313, 3, 1786021, 21, 15, 10, 1978, 1508, 28, 4, 6, '2025-10-05 21:15:58'),
(4314, 3, 1803585, 27, 29, 15, 2718, 2573, 47, 2, 6, '2025-10-05 21:15:58'),
(4315, 3, 1804136, 0, 0, 0, 0, 0, 0, 0, 0, '2025-10-05 21:15:58'),
(4316, 3, 1807303, 25, 17, 6, 2368, 1609, 30, 4, 4, '2025-10-05 21:15:58'),
(4317, 3, 1814235, 23, 14, 5, 1923, 1237, 29, 2, 2, '2025-10-05 21:15:58'),
(4318, 3, 1832685, 0, 0, 0, 0, 0, 0, 0, 0, '2025-10-05 21:15:58'),
(4319, 3, 1835039, 12, 23, 8, 1360, 1987, 28, 3, 3, '2025-10-05 21:15:58'),
(4320, 3, 1858904, 18, 17, 5, 1366, 1527, 33, 3, 5, '2025-10-05 21:15:58'),
(4321, 3, 1871942, 0, 0, 0, 0, 0, 0, 0, 0, '2025-10-05 21:15:58'),
(4322, 3, 1875191, 0, 0, 0, 0, 0, 0, 0, 0, '2025-10-05 21:15:58'),
(4323, 3, 1879412, 0, 0, 0, 0, 0, 0, 0, 0, '2025-10-05 21:15:58'),
(4324, 3, 1897225, 23, 7, 2, 1890, 585, 22, 3, 0, '2025-10-05 21:15:58'),
(4325, 3, 1916824, 12, 23, 11, 1385, 1951, 33, 3, 4, '2025-10-05 21:15:58'),
(4326, 3, 1923074, 0, 0, 0, 0, 0, 0, 0, 0, '2025-10-05 21:15:58'),
(4327, 3, 1928138, 23, 20, 3, 2151, 1850, 28, 4, 5, '2025-10-05 21:15:58'),
(4328, 3, 1934739, 0, 0, 0, 0, 0, 0, 0, 0, '2025-10-05 21:15:58'),
(4329, 3, 1934984, 0, 0, 0, 0, 0, 0, 0, 0, '2025-10-05 21:15:58'),
(4330, 3, 1951282, 28, 17, 5, 2214, 1541, 34, 4, 5, '2025-10-05 21:15:58'),
(4331, 3, 1959761, 0, 0, 0, 0, 0, 0, 0, 0, '2025-10-05 21:15:58'),
(4332, 3, 1978524, 29, 23, 5, 2359, 2079, 37, 6, 2, '2025-10-05 21:15:58'),
(4333, 3, 1984814, 18, 26, 4, 1498, 2340, 33, 2, 4, '2025-10-05 21:15:58'),
(4334, 3, 2002752, 0, 0, 0, 0, 0, 0, 0, 0, '2025-10-05 21:15:58'),
(4335, 3, 2003478, 0, 0, 0, 0, 0, 0, 0, 0, '2025-10-05 21:15:58'),
(4336, 3, 2086845, 43, 37, 5, 3419, 3191, 57, 7, 6, '2025-10-05 21:15:58'),
(4337, 3, 2099405, 0, 0, 0, 0, 0, 0, 0, 0, '2025-10-05 21:15:58'),
(4338, 3, 2101026, 28, 20, 5, 2525, 1873, 29, 3, 2, '2025-10-05 21:15:58'),
(4339, 3, 2116360, 7, 19, 2, 467, 1624, 22, 0, 5, '2025-10-05 21:15:58'),
(4340, 3, 2122505, 0, 0, 0, 0, 0, 0, 0, 0, '2025-10-05 21:15:58'),
(4341, 3, 2122536, 9, 13, 2, 831, 1228, 23, 1, 1, '2025-10-05 21:15:58'),
(4342, 3, 2135034, 10, 16, 5, 1084, 1606, 25, 3, 1, '2025-10-05 21:15:58'),
(4343, 3, 2189042, 17, 25, 8, 1583, 2209, 34, 0, 11, '2025-10-05 21:15:58'),
(4344, 3, 2191845, 18, 23, 8, 1739, 2136, 29, 4, 1, '2025-10-05 21:15:58'),
(4345, 3, 2193180, 0, 0, 0, 0, 0, 0, 0, 0, '2025-10-05 21:15:58'),
(4346, 3, 2197266, 0, 0, 0, 0, 0, 0, 0, 0, '2025-10-05 21:15:58'),
(4347, 3, 2226106, 0, 0, 0, 0, 0, 0, 0, 0, '2025-10-05 21:15:58'),
(4348, 3, 2228738, 0, 0, 0, 0, 0, 0, 0, 0, '2025-10-05 21:15:58'),
(4349, 3, 2231675, 0, 0, 0, 0, 0, 0, 0, 0, '2025-10-05 21:15:58'),
(4350, 3, 2234378, 0, 0, 0, 0, 0, 0, 0, 0, '2025-10-05 21:15:58'),
(4351, 3, 2259696, 12, 2, 4, 887, 237, 14, 1, 0, '2025-10-05 21:15:58'),
(4352, 3, 2279038, 28, 6, 8, 2655, 626, 22, 9, 1, '2025-10-05 21:15:58'),
(4353, 3, 2289178, 7, 3, 4, 571, 365, 11, 0, 0, '2025-10-05 21:15:58'),
(4354, 3, 2300331, 2, 18, 1, 272, 1521, 19, 0, 6, '2025-10-05 21:15:58'),
(4355, 3, 2315243, 26, 12, 3, 2231, 1298, 26, 3, 3, '2025-10-05 21:15:58'),
(4356, 3, 2319358, 0, 0, 0, 0, 0, 0, 0, 0, '2025-10-05 21:15:58'),
(4357, 3, 2320522, 13, 16, 2, 995, 1402, 25, 0, 2, '2025-10-05 21:15:58'),
(4358, 3, 2392773, 18, 27, 7, 1600, 2319, 38, 2, 7, '2025-10-05 21:15:58'),
(4359, 3, 2412281, 0, 0, 0, 0, 0, 0, 0, 0, '2025-10-05 21:15:58'),
(4360, 3, 2491664, 3, 7, 3, 381, 532, 10, 2, 0, '2025-10-05 21:15:58'),
(4361, 3, 2498648, 2, 6, 0, 138, 480, 6, 0, 1, '2025-10-05 21:15:58'),
(4362, 3, 2505693, 0, 0, 0, 0, 0, 0, 0, 0, '2025-10-05 21:15:58'),
(4363, 3, 2508655, 10, 8, 10, 1088, 734, 22, 2, 2, '2025-10-05 21:15:58'),
(4364, 3, 2509869, 0, 0, 0, 0, 0, 0, 0, 0, '2025-10-05 21:15:58'),
(4365, 3, 2511723, 10, 24, 1, 867, 2044, 29, 1, 4, '2025-10-05 21:15:58'),
(4366, 3, 2517368, 6, 19, 5, 633, 1720, 22, 0, 2, '2025-10-05 21:15:58'),
(4367, 3, 2521090, 0, 0, 0, 0, 0, 0, 0, 0, '2025-10-05 21:15:58'),
(4368, 3, 2525779, 5, 15, 3, 590, 1350, 18, 1, 1, '2025-10-05 21:15:58'),
(4369, 3, 2525807, 5, 29, 2, 503, 2409, 29, 3, 2, '2025-10-05 21:15:58'),
(4370, 3, 2525952, 0, 0, 0, 0, 0, 0, 0, 0, '2025-10-05 21:15:58'),
(4371, 3, 2527500, 12, 27, 1, 1080, 2372, 29, 4, 5, '2025-10-05 21:15:58'),
(4372, 3, 2532448, 0, 0, 0, 0, 0, 0, 0, 0, '2025-10-05 21:15:58'),
(4373, 3, 2550011, 11, 20, 1, 1032, 1751, 22, 2, 3, '2025-10-05 21:15:58'),
(4374, 3, 2560206, 5, 7, 4, 495, 754, 15, 0, 1, '2025-10-05 21:15:58'),
(4406, 3, 637283, 0, 0, 0, 0, 0, 0, 0, 0, '2025-10-08 22:01:56'),
(4693, 3, 2087086, 0, 0, 0, 0, 0, 0, 0, 0, '2025-10-11 20:42:33');

-- --------------------------------------------------------

--
-- Table structure for table `name_history`
--

CREATE TABLE `name_history` (
  `guid` int(10) UNSIGNED NOT NULL,
  `name` varchar(255) NOT NULL,
  `last_used` timestamp NOT NULL DEFAULT current_timestamp() ON UPDATE current_timestamp()
) ENGINE=InnoDB DEFAULT CHARSET=latin1 COLLATE=latin1_swedish_ci;

--
-- Dumping data for table `name_history`
--

INSERT INTO `name_history` (`guid`, `name`, `last_used`) VALUES
(2232, 'SubV_Umbra', '2025-10-12 19:01:20'),
(9531, 'KV_Wolpi', '2025-10-05 19:31:36'),
(9531, 'Wolpi', '2025-09-28 19:42:19'),
(10681, 'KV_phartman1', '2025-09-28 19:46:55'),
(10681, 'KV_shatman1', '2025-09-11 19:02:01'),
(10943, 'BMS_Flo', '2025-10-01 19:26:23'),
(62821, 'LeBrave', '2025-09-28 20:19:30'),
(278973, 'Gibby', '2025-10-08 19:02:29'),
(290348, 'KV_HENNESSY', '2025-10-12 18:54:59'),
(290348, 'KV_wursti', '2025-09-07 19:45:39'),
(301721, 'gvt_mike', '2025-10-08 19:16:08'),
(335479, 'PoleEmploi_Drakula', '2025-10-05 19:33:32'),
(349853, 'PoleEmploi_TheDeaD', '2025-09-28 19:06:02'),
(349853, 'TheDeaD', '2025-09-28 18:55:49'),
(351969, 'DAB_Narrow', '2025-10-08 19:06:27'),
(372274, 'duttreacts', '2025-10-08 19:00:21'),
(372274, 'Giorno', '2025-10-08 19:00:40'),
(375537, 'nct_kore', '2025-09-16 19:02:18'),
(395813, 'BMS_Khaby_Lame', '2025-10-05 19:45:16'),
(395813, 'Troister', '2025-10-05 19:48:32'),
(415702, 'Godfreid', '2025-09-20 18:55:51'),
(415702, 'SS_Godfried', '2025-09-13 19:47:02'),
(436448, 'MDT_Monmon', '2025-10-12 19:24:36'),
(436448, 'Monmon', '2025-10-05 19:06:45'),
(436448, 'V1bers_Monmon', '2025-10-05 19:07:05'),
(449912, 'Baba_Yaga', '2025-09-14 20:08:45'),
(449912, 'BMS_Adolf_McNigger', '2025-10-05 19:02:09'),
(449912, 'BMS_Adolf_Niggler', '2025-10-05 19:03:13'),
(449912, 'BMS_McNigIets', '2025-09-11 19:01:29'),
(449912, 'BMS_Overrated', '2025-10-01 19:25:10'),
(449912, 'BMS_Redolf_Firitler', '2025-10-05 19:30:40'),
(449912, 'NoobTouch_Red', '2025-09-07 19:47:08'),
(452214, 'EssexGang_kamieltoe', '2025-10-11 19:08:44'),
(452214, 'kamieltoe', '2025-09-11 19:30:24'),
(461759, 'SEXUAL_INTERCOURSE_shinto', '2025-09-13 19:47:06'),
(461759, 'THE_INCEL_OF_LEGEND_shinto', '2025-09-20 18:58:01'),
(461759, 'useless_fucking_retard_shint', '2025-10-11 19:07:11'),
(488794, 'dab_janne', '2025-10-08 19:26:23'),
(498093, 'GVT_Caskie', '2025-09-16 19:49:58'),
(499882, 'FruitNinjas_Banana', '2025-10-08 19:15:39'),
(500306, '92nd_Ens_Stryker', '2025-09-20 18:58:02'),
(500306, 'ShintoSupporters_Stryker', '2025-10-11 19:06:49'),
(500306, 'SS_Stryker', '2025-09-20 18:59:28'),
(503765, '33rd_Kgn_DaddyDeadwulf', '2025-10-12 19:00:13'),
(503765, 'SubV_Deadwulf', '2025-10-12 19:01:40'),
(526649, '33rd_Kgn_BonoKiller', '2025-10-12 19:04:06'),
(526649, 'SubV_Bono', '2025-10-12 19:04:22'),
(636812, 'slavic_lvov', '2025-09-15 19:00:50'),
(637283, 'Abe', '2025-10-08 19:06:23'),
(651079, 'KV_Mr_T', '2025-10-05 19:31:04'),
(651079, 'Mr_T', '2025-10-05 19:24:53'),
(663095, 'V1bers_Krembit', '2025-10-05 19:07:46'),
(671857, 'KV_bunterigel', '2025-10-05 19:30:20'),
(678193, 'ss_htindoes', '2025-10-11 19:07:05'),
(774878, 'SubV_Rhino', '2025-09-26 18:59:08'),
(780242, 'SubV_WRX3', '2025-09-26 18:59:38'),
(788804, 'GVT_~Ruler~', '2025-10-08 19:16:27'),
(788804, 'TouTouYouTou', '2025-09-28 20:22:32'),
(788804, '~Ruler~', '2025-10-05 19:31:27'),
(792123, 'KV_DarkTemplar', '2025-09-14 19:38:09'),
(793812, 'ShintoSupporter_GlennofNW', '2025-10-11 19:07:18'),
(838879, 'FruitNinjas_Quince', '2025-10-08 19:15:58'),
(838879, 'funnycola123', '2025-09-26 19:00:17'),
(838879, 'YELLOWFLASH-_-', '2025-09-14 20:18:11'),
(838879, 'yodaa', '2025-09-28 20:17:53'),
(838879, 'yodaa*', '2025-10-05 20:01:34'),
(840822, 'KV_Desu', '2025-10-08 19:16:43'),
(863865, 'dab_mech', '2025-10-08 19:44:45'),
(892796, 'V1bers_KINGMELSYOTHEGREAT', '2025-10-05 19:10:58'),
(902557, 'SS~Wolfe', '2025-09-13 19:47:08'),
(902557, 'Wolfe', '2025-10-11 19:15:58'),
(927368, 'DAB_Python', '2025-10-08 19:02:22'),
(943123, 'V1bing_Bubble', '2025-09-28 19:33:23'),
(951862, 'Assassins_MonoBvock', '2025-10-11 19:22:32'),
(951862, 'wu1fstan', '2025-10-05 19:10:24'),
(951862, 'wulfsti', '2025-10-08 19:12:43'),
(952369, 'ED_Irigo', '2025-09-14 18:56:18'),
(952369, 'Inter_Irigo', '2025-10-11 19:10:51'),
(956996, 'nct_kooksal_baba', '2025-09-23 19:15:51'),
(994995, 'nct_Niki', '2025-10-05 19:05:39'),
(994995, 'Niki', '2025-09-28 20:04:38'),
(1115342, 'poleemploichuckster', '2025-10-05 19:35:31'),
(1123124, 'GhrosseForce_Alex123', '2025-10-05 20:16:53'),
(1123124, 'Ghrosseforse_Alex123', '2025-09-15 19:02:06'),
(1123124, 'Ghrossefors_Alex123', '2025-09-15 19:01:26'),
(1123134, 'G13_Jakob', '2025-10-08 19:05:47'),
(1123134, 'SLOWESTPLAYEREU', '2025-10-11 19:07:09'),
(1146243, 'BlueWinx', '2025-10-05 19:28:53'),
(1146243, 'PoleEmploi_BlueWinx', '2025-09-14 19:38:24'),
(1159195, 'Iran_Haram_Baliant', '2025-09-15 19:04:15'),
(1160798, '[24thBav][Hptm]manka', '2025-10-08 19:00:11'),
(1160798, '[24thBav][ObrLnt]manka', '2025-09-10 18:59:40'),
(1194981, 'cedick', '2025-09-16 19:03:45'),
(1194981, 'gvt_cedrick', '2025-10-08 19:22:40'),
(1194981, 'gvt_moreyoungmoretight', '2025-10-08 19:06:28'),
(1211057, 'gerher', '2025-09-11 19:00:51'),
(1211057, 'nct_gh', '2025-10-05 19:30:35'),
(1213248, 'IRAN_HARAM_mxter', '2025-09-28 19:35:07'),
(1213248, 'mxter', '2025-09-28 19:26:45'),
(1216145, 'Inter_*Tim*', '2025-10-11 19:11:44'),
(1223304, 'Iran_Terrorist_Vegi', '2025-09-28 19:34:52'),
(1223304, 'Iran_Vegi', '2025-09-15 19:07:22'),
(1232708, 'ShintoSupporter_VertilDr', '2025-10-11 19:07:05'),
(1269742, '6-7', '2025-10-08 19:45:43'),
(1269742, 'd4vd', '2025-10-05 19:30:22'),
(1269742, 'G13_Movement-Sakambulance', '2025-10-08 19:07:05'),
(1269742, 'G13_Movementor', '2025-10-08 19:01:19'),
(1269742, 'G13_MovementorWurstiTop3EU', '2025-09-28 19:43:05'),
(1269742, 'Movement', '2025-09-16 19:30:02'),
(1275070, 'Assassins_6N057', '2025-09-27 19:21:44'),
(1282828, 'Ben', '2025-09-28 19:00:52'),
(1282828, 'FruitNinjas_Plum', '2025-10-08 19:15:47'),
(1282828, 'ijustpew-pew', '2025-09-11 19:41:42'),
(1288381, 'GVT_Darki', '2025-10-08 19:15:55'),
(1327587, '33rd_Mrks_Arthwr', '2025-10-12 19:19:08'),
(1327587, 'Arthwr', '2025-10-05 19:08:59'),
(1337040, 'James', '2025-09-13 19:46:52'),
(1347805, 'V1bers_PadawaN', '2025-09-28 19:33:07'),
(1379228, 'GhrosseForce', '2025-09-15 19:00:50'),
(1379228, 'GhrosseForce_Plushka', '2025-10-05 19:07:25'),
(1396687, 'l3LADE', '2025-09-11 19:40:36'),
(1413052, 'Nr31_Gaidamak', '2025-09-06 18:56:47'),
(1417016, 'Cheeseblock_Cheerleader', '2025-09-11 19:13:11'),
(1417016, 'Cheesi', '2025-09-11 19:10:32'),
(1462072, 'BMS_Coco', '2025-10-05 19:30:26'),
(1472629, 'dab_shype', '2025-10-08 19:04:40'),
(1474293, 'GVT_Shovenio', '2025-10-08 19:16:03'),
(1474293, 'JAKE_CHEERLEADER', '2025-09-11 19:54:30'),
(1474293, 'MECH_CHEERLEADER', '2025-09-14 19:46:48'),
(1474976, 'BMS_jasontheween', '2025-10-05 19:48:44'),
(1474976, 'ClaSh', '2025-09-07 19:52:11'),
(1509611, 'Assassins_Shadow', '2025-10-11 19:11:28'),
(1513490, 'Birdpedia', '2025-09-11 19:04:26'),
(1513490, 'G13_OikedZenon', '2025-09-14 20:13:28'),
(1513490, 'G13_Schlenni', '2025-09-28 19:50:18'),
(1513490, 'G13_Zehno', '2025-10-08 19:09:23'),
(1513490, 'Kylian_Mbappe', '2025-09-11 19:29:14'),
(1513490, 'Zenon', '2025-10-05 19:30:28'),
(1520575, 'Inter_GameOver', '2025-10-11 19:12:33'),
(1525793, 'GhrosseForce_PDD_Flashkodr', '2025-10-05 19:00:11'),
(1529359, 'GhrosseForce_Shog1', '2025-10-05 19:06:01'),
(1529359, 'GrosseForce_Shogun', '2025-09-15 19:00:59'),
(1529359, 'markeloff2010', '2025-10-05 19:04:52'),
(1544447, 'SubV_CryingNoob', '2025-10-12 19:05:26'),
(1554632, 'PoleEmplois_Dashie', '2025-10-05 19:29:30'),
(1554812, 'Assassins_Genius', '2025-09-13 19:47:36'),
(1554812, 'Assassins_GreatGenius', '2025-09-27 19:16:01'),
(1554812, 'Assassins_Sir_Nate_sEast', '2025-09-23 19:24:33'),
(1554812, 'Assassins_TrueGenius', '2025-10-11 19:11:28'),
(1556384, 'DAB_Achilles54', '2025-10-08 18:58:26'),
(1556384, 'ED_Achilles54', '2025-09-14 19:38:45'),
(1577597, 'Nr31_Manul', '2025-10-08 18:57:09'),
(1606529, 'Ceed', '2025-09-28 20:05:53'),
(1606529, 'FRA_MiloradovichCAF', '2025-09-28 20:40:12'),
(1606529, 'FRA_MiloradovitchCAF', '2025-09-28 20:00:09'),
(1624559, 'pro100pro', '2025-09-14 19:04:12'),
(1637460, 'Essex_Gang_Nova', '2025-10-11 19:08:47'),
(1677879, 'nct_xaos', '2025-10-05 19:01:57'),
(1681176, 'BMS_Flo', '2025-10-05 19:02:03'),
(1688497, 'Akatsuki_Kisame', '2025-10-11 19:27:40'),
(1688497, 'Fluffy', '2025-09-28 19:06:03'),
(1688497, 'PoleEmploi_Fluffy', '2025-09-28 19:06:52'),
(1691357, 'GVT_Babbi', '2025-10-01 19:36:39'),
(1691357, 'GVT_linganggooligooliwata', '2025-10-08 19:15:53'),
(1691357, 'PrivatePartz', '2025-10-08 19:02:17'),
(1696213, 'Inter_sennii', '2025-10-11 19:16:20'),
(1696213, 'MDT_sennii', '2025-10-11 19:15:58'),
(1719999, '-', '2025-09-16 19:07:38'),
(1719999, 'Darkovich', '2025-10-11 19:11:58'),
(1719999, 'V1bers_Dark', '2025-10-05 19:07:12'),
(1719999, 'V1bers_Darkovich', '2025-10-05 19:04:36'),
(1722460, 'FruitNinjas_Kiwi', '2025-10-08 19:22:10'),
(1722460, 'mew2', '2025-10-01 19:53:52'),
(1733634, 'SineSpace', '2025-10-05 19:39:49'),
(1737433, 'Cipka', '2025-10-08 19:12:34'),
(1737433, 'Slavic_patterns', '2025-10-05 19:07:17'),
(1737433, 'Slavic_Tatakae', '2025-09-15 19:00:34'),
(1738245, 'Assassins_Connor', '2025-10-11 19:10:48'),
(1738245, 'Bodya', '2025-10-05 20:19:54'),
(1757644, 'EssexGang_Wolfgang', '2025-10-11 19:22:37'),
(1763952, 'LenoxFanboy', '2025-09-28 20:16:50'),
(1763952, 'MDT_Stefan', '2025-10-12 19:24:25'),
(1763952, 'Mongomon', '2025-10-05 19:04:57'),
(1763952, 'MonmonFan123', '2025-10-05 20:02:32'),
(1763952, 'OsamaBinStefan', '2025-10-11 19:46:21'),
(1763952, 'Shakala', '2025-09-28 19:47:30'),
(1763952, 'Stefan', '2025-10-05 19:06:22'),
(1770537, 'EssexGang_Hughie', '2025-10-11 19:03:13'),
(1783914, 'FruitNinjas_Mango', '2025-10-08 19:15:33'),
(1783914, 'twister*', '2025-10-08 19:00:31'),
(1786021, 'BMS_McNiglets', '2025-10-05 19:29:42'),
(1803585, 'FruitNinjas_lychee', '2025-10-08 19:15:50'),
(1803585, 'xodok', '2025-10-01 19:33:42'),
(1804136, 'PE_Naatsuu', '2025-09-26 19:00:59'),
(1807303, 'Inter_bagra', '2025-10-11 19:11:14'),
(1814235, 'SubV_CommissarBadger', '2025-10-12 19:00:06'),
(1832685, 'GI_1erGre_ChinoisDeLaCaille', '2025-09-14 19:29:04'),
(1832685, 'IRAN_HARAM_LEBRUN', '2025-09-28 20:39:37'),
(1832685, 'PoleEmploi_ElPresidente', '2025-09-14 19:24:45'),
(1832685, 'PoleEmploi_LaVAR', '2025-09-14 19:38:24'),
(1832685, 'Xiu_Pion', '2025-10-05 20:26:19'),
(1835039, 'NCT_Ciom', '2025-10-05 19:27:59'),
(1835039, 'stay_positive', '2025-09-28 20:03:54'),
(1858904, 'Barro', '2025-10-05 19:31:13'),
(1871942, 'SS_Horse', '2025-09-20 18:58:53'),
(1897225, '[24thBav][UA]Darki', '2025-10-08 18:59:36'),
(1916824, 'Akatsuki_Maka', '2025-10-11 19:02:37'),
(1916824, 'Maka_Albarn', '2025-10-05 20:17:29'),
(1916824, 'PE_Alice', '2025-09-28 20:22:15'),
(1916824, 'PE_Maka', '2025-10-05 19:29:11'),
(1916824, 'tommyxd', '2025-10-01 19:35:15'),
(1923074, '[24thBav][Gef][Grn]Miblishko', '2025-09-14 19:09:18'),
(1923074, '[24thBav][Gren]Miblishko', '2025-09-10 19:02:00'),
(1928138, 'nic_damian', '2025-10-08 19:10:13'),
(1934739, 'Nr3_Gfr_WilliamCano', '2025-09-13 19:46:58'),
(1934984, 'EssexGang_Kubus', '2025-10-11 19:09:51'),
(1934984, 'Essex_Gang_Kubus', '2025-09-20 19:00:58'),
(1934984, 'GOAT_Kubus', '2025-10-11 19:09:13'),
(1951282, 'Assassins_browarx', '2025-10-11 19:47:01'),
(1959761, 'Schalenbrecher', '2025-09-14 19:39:26'),
(1978524, 'G13_Aizen', '2025-09-14 20:14:20'),
(1978524, 'G13_ZeGPT_', '2025-09-28 19:51:27'),
(1978524, 'Myth_Amaterasu_G13_RT_Asatro', '2025-10-08 19:05:44'),
(1978524, 'Myth_Amaterasu_Jakobbbbbbbbb', '2025-10-08 19:03:55'),
(1984814, 'Naatsuu', '2025-10-05 19:23:23'),
(1984814, 'PE_Naatsuu', '2025-10-05 19:29:05'),
(2002752, 'OZBEKK', '2025-10-11 19:11:54'),
(2003478, 'BMS_Kennedy', '2025-10-01 19:37:02'),
(2086845, '*Event_Admin*_Ri0T', '2025-09-10 18:52:21'),
(2086845, '12th_Gren_Ri0T', '2025-10-11 19:11:54'),
(2086845, 'Ri0T', '2025-09-26 18:59:19'),
(2086845, 'V1bers_Ri0T', '2025-10-05 19:01:47'),
(2087086, 'asasins_yulia', '2025-10-11 19:19:31'),
(2101026, '1stKB_*~Domi~*', '2025-09-14 19:03:29'),
(2101026, '1stKB_Domi', '2025-10-12 19:05:11'),
(2116360, 'Arkan', '2025-09-28 19:58:15'),
(2116360, 'Nr31[FKR]_Gefr_Arkan', '2025-09-28 19:31:47'),
(2116360, 'Nr31_Arkan', '2025-10-08 18:56:24'),
(2116360, 'poke', '2025-10-05 20:03:59'),
(2122505, 'nct_zxntaro', '2025-09-16 19:01:53'),
(2122536, 'Inter_Basi', '2025-10-11 19:40:21'),
(2135034, 'BMS_Trexons', '2025-10-05 19:29:34'),
(2135034, 'dude', '2025-09-28 20:04:10'),
(2135034, 'ONEMOREGAME', '2025-09-20 19:47:46'),
(2189042, '12th_LCpl_Jake', '2025-09-14 20:10:58'),
(2189042, 'Essex_Gang_Jake', '2025-10-11 19:10:59'),
(2191845, '1stKB_LukiPuki', '2025-10-12 19:04:26'),
(2193180, 'Ackerman_zen0n', '2025-10-05 19:10:10'),
(2193180, 'New_Player', '2025-09-15 19:34:01'),
(2193180, 'spec', '2025-09-28 20:08:04'),
(2226106, 'IranHaram_LenoX', '2025-09-15 19:17:56'),
(2226106, 'IRAN_HARAM_LenoX', '2025-09-28 19:34:43'),
(2226106, 'LenoX', '2025-10-11 19:07:04'),
(2226106, 'Referee_LenoX', '2025-09-14 19:42:54'),
(2228738, 'IRAN_HARAM_PHILIP', '2025-09-20 19:32:22'),
(2231675, 'IRAN_HARAM_ImamFRED2', '2025-09-15 18:59:51'),
(2231675, 'POMPOMGIRL_Fred2', '2025-09-14 19:38:43'),
(2234378, 'GaySex_Spooky', '2025-09-20 19:02:30'),
(2259696, '[24thBav][Col]Benjamin', '2025-10-08 19:01:07'),
(2279038, '[24thBav][UA]Vulf', '2025-10-08 19:03:55'),
(2289178, 'Pan_Riba', '2025-09-10 18:53:23'),
(2289178, '[24thBav][StbGef]Rybov', '2025-10-08 19:14:19'),
(2300331, 'Nr31[FKR]_PtF_SiGmaSvinka', '2025-10-01 19:07:25'),
(2300331, 'Nr31[FKR]_UJg_SiGmaSvinka', '2025-10-05 20:03:50'),
(2300331, 'Nr31_SiGmaSvinka', '2025-10-08 18:57:03'),
(2315243, 'Inter_CezzarPasha', '2025-10-11 19:11:55'),
(2319358, 't0oad', '2025-10-11 19:04:36'),
(2320522, 'Assassins_Keteshi', '2025-10-11 19:11:40'),
(2320522, 'Assassins_MagnificentKeteshi', '2025-09-27 19:16:02'),
(2392773, 'BonyaFucksHisMom', '2025-10-05 20:07:22'),
(2392773, 'm15bus', '2025-09-13 19:43:52'),
(2392773, 'PSLGOD', '2025-09-14 19:40:46'),
(2392773, 'T0oad_Thinks_his_dihh_bihh', '2025-10-11 19:32:51'),
(2392773, 'V1bers_Mazir', '2025-10-05 19:02:38'),
(2412281, 'IRAN_HARAM_Jean', '2025-09-28 20:37:29'),
(2412281, 'Iran_Haram_Jeanakbar', '2025-09-15 19:09:34'),
(2412281, 'Jean', '2025-09-28 19:29:43'),
(2491664, 'Assassins_Connor', '2025-09-11 19:32:58'),
(2491664, '[Assasins]_Xomik', '2025-09-27 19:19:47'),
(2491664, '[Assassins]_Xomik', '2025-09-13 19:47:37'),
(2491664, '[Assssins]_Xomik', '2025-10-11 19:11:26'),
(2498648, 'Nr31_Sagaydachniy', '2025-10-08 18:56:16'),
(2508655, '[24thBav][Sch]Willhelm', '2025-10-08 18:56:29'),
(2508655, '[24thBav][Sch]Willhemchik', '2025-09-14 19:16:59'),
(2509869, '[24thBav][Krp]Irisochek', '2025-09-10 18:53:55'),
(2509869, '[24thBav][Sgt]Irisochek', '2025-09-14 19:02:25'),
(2511723, '1stKB_Cerero', '2025-10-12 19:02:30'),
(2511723, 'Cerero', '2025-09-06 19:00:32'),
(2517368, 'Nr31_Sh1nGer', '2025-10-08 18:56:19'),
(2521090, 'Nr31[FKR]_Fwb_AvatarFM', '2025-10-08 19:00:52'),
(2525779, 'Nr31_Generadier', '2025-10-08 19:09:47'),
(2525807, '1stKB_koefte', '2025-10-12 19:05:52'),
(2525807, '[1stSM]Sgt_koefte', '2025-10-12 19:03:52'),
(2525952, 'LuZenDria', '2025-10-05 19:30:54'),
(2527500, '1stKB_KnolliDesOstens', '2025-10-12 19:03:34'),
(2527500, '[KBLR]Gefr_KnojiDesOstens', '2025-09-14 19:04:27'),
(2532448, '[KBLR]Fus_Vod', '2025-10-12 19:04:29'),
(2550011, 'Nr31_Warwic', '2025-10-08 19:00:55'),
(2560206, '1stelvN_3eSdt_James', '2025-09-27 19:13:11'),
(2560206, 'Inter_James', '2025-10-11 19:10:42');

-- --------------------------------------------------------

--
-- Table structure for table `settings`
--

CREATE TABLE `settings` (
  `setting` varchar(255) NOT NULL,
  `value` longtext NOT NULL
) ENGINE=InnoDB DEFAULT CHARSET=latin1 COLLATE=latin1_swedish_ci;

--
-- Dumping data for table `settings`
--

INSERT INTO `settings` (`setting`, `value`) VALUES
('ipv4', '\"*\"'),
('title', '\"BYT - Revival Series\"'),
('token', '\"ZVEEUuxxKj2XdWAZwCKCzpUqx\"'),
('whitelist-team-1', '[\"526649\",\"1814235\",\"1544447\",\"503765\",\"774878\",\"434315\",\"2232\",\"780242\"]'),
('whitelist-team-2', '[\"2511723\",\"2101026\",\"2191845\",\"2527500\",\"2525807\",\"937791\",\"2532448\",\"1352599\"]');

-- --------------------------------------------------------

--
-- Table structure for table `tokens`
--

CREATE TABLE `tokens` (
  `token_id` int(11) NOT NULL,
  `user_id` int(11) NOT NULL,
  `value` varchar(255) NOT NULL
) ENGINE=InnoDB DEFAULT CHARSET=latin1 COLLATE=latin1_swedish_ci;

--
-- Dumping data for table `tokens`
--

INSERT INTO `tokens` (`token_id`, `user_id`, `value`) VALUES
(4, 1, 'wk52izn3hCJVrZs+qbXEMqFkMjygn6rprEG4a75EH7sgReKdk6MpJQ=='),
(5, 1, 'YzVC7m/5dEswBrY/uJwqAOxd845AtzGK1TI88Uxym8EbTQj0bQjC3g=='),
(6, 1, 'sGL8W9ia+2GDjpkekeJ8XOl/d7hwwvjpwlsjIrwvmCDb+GkygStZ2A==');

-- --------------------------------------------------------

--
-- Table structure for table `users`
--

CREATE TABLE `users` (
  `user_id` int(11) NOT NULL,
  `username` varchar(65) NOT NULL,
  `password` varchar(65) NOT NULL
) ENGINE=InnoDB DEFAULT CHARSET=latin1 COLLATE=latin1_swedish_ci;

--
-- Dumping data for table `users`
--

INSERT INTO `users` (`user_id`, `username`, `password`) VALUES
(1, 'wursti', '$2y$10$xIKtHfO2gQA1qrT0wg4JFeI6WduiHhEz8lzTnqei/v6BtgmEwzJZS'),
(2, 'caesim', 'c8e21a81917e5daf5c2d7c5771451ff7671f8e5b72dafadcd50fb748deb1dba0');

--
-- Indexes for dumped tables
--

--
-- Indexes for table `leaderboard`
--
ALTER TABLE `leaderboard`
  ADD PRIMARY KEY (`guid`);

--
-- Indexes for table `map_stats`
--
ALTER TABLE `map_stats`
  ADD PRIMARY KEY (`guid`,`map_name`);

--
-- Indexes for table `matchweeks`
--
ALTER TABLE `matchweeks`
  ADD PRIMARY KEY (`matchweek_id`);

--
-- Indexes for table `matchweek_map_snapshots`
--
ALTER TABLE `matchweek_map_snapshots`
  ADD PRIMARY KEY (`snapshot_id`),
  ADD UNIQUE KEY `unique_matchweek_player_map` (`matchweek_id`,`guid`,`map_name`),
  ADD KEY `guid` (`guid`);

--
-- Indexes for table `matchweek_snapshots`
--
ALTER TABLE `matchweek_snapshots`
  ADD PRIMARY KEY (`snapshot_id`),
  ADD UNIQUE KEY `unique_matchweek_player` (`matchweek_id`,`guid`),
  ADD KEY `guid` (`guid`);

--
-- Indexes for table `name_history`
--
ALTER TABLE `name_history`
  ADD PRIMARY KEY (`guid`,`name`);

--
-- Indexes for table `settings`
--
ALTER TABLE `settings`
  ADD PRIMARY KEY (`setting`);

--
-- Indexes for table `tokens`
--
ALTER TABLE `tokens`
  ADD PRIMARY KEY (`token_id`);

--
-- Indexes for table `users`
--
ALTER TABLE `users`
  ADD PRIMARY KEY (`user_id`);

--
-- AUTO_INCREMENT for dumped tables
--

--
-- AUTO_INCREMENT for table `matchweeks`
--
ALTER TABLE `matchweeks`
  MODIFY `matchweek_id` int(11) NOT NULL AUTO_INCREMENT, AUTO_INCREMENT=4;

--
-- AUTO_INCREMENT for table `matchweek_map_snapshots`
--
ALTER TABLE `matchweek_map_snapshots`
  MODIFY `snapshot_id` int(11) NOT NULL AUTO_INCREMENT, AUTO_INCREMENT=5495;

--
-- AUTO_INCREMENT for table `matchweek_snapshots`
--
ALTER TABLE `matchweek_snapshots`
  MODIFY `snapshot_id` int(11) NOT NULL AUTO_INCREMENT, AUTO_INCREMENT=4911;

--
-- AUTO_INCREMENT for table `tokens`
--
ALTER TABLE `tokens`
  MODIFY `token_id` int(11) NOT NULL AUTO_INCREMENT, AUTO_INCREMENT=7;

--
-- AUTO_INCREMENT for table `users`
--
ALTER TABLE `users`
  MODIFY `user_id` int(11) NOT NULL AUTO_INCREMENT, AUTO_INCREMENT=3;

--
-- Constraints for dumped tables
--

--
-- Constraints for table `matchweek_map_snapshots`
--
ALTER TABLE `matchweek_map_snapshots`
  ADD CONSTRAINT `matchweek_map_snapshots_ibfk_1` FOREIGN KEY (`matchweek_id`) REFERENCES `matchweeks` (`matchweek_id`),
  ADD CONSTRAINT `matchweek_map_snapshots_ibfk_2` FOREIGN KEY (`guid`) REFERENCES `leaderboard` (`guid`);

--
-- Constraints for table `matchweek_snapshots`
--
ALTER TABLE `matchweek_snapshots`
  ADD CONSTRAINT `matchweek_snapshots_ibfk_1` FOREIGN KEY (`matchweek_id`) REFERENCES `matchweeks` (`matchweek_id`),
  ADD CONSTRAINT `matchweek_snapshots_ibfk_2` FOREIGN KEY (`guid`) REFERENCES `leaderboard` (`guid`);
COMMIT;

/*!40101 SET CHARACTER_SET_CLIENT=@OLD_CHARACTER_SET_CLIENT */;
/*!40101 SET CHARACTER_SET_RESULTS=@OLD_CHARACTER_SET_RESULTS */;
/*!40101 SET COLLATION_CONNECTION=@OLD_COLLATION_CONNECTION */;
